[0.000000] (-) TimerEvent: {}
[0.000666] (turtlebot4_ignition_gui_plugins) JobQueued: {'identifier': 'turtlebot4_ignition_gui_plugins', 'dependencies': OrderedDict()}
[0.000700] (turtlebot4_ignition_toolbox) JobQueued: {'identifier': 'turtlebot4_ignition_toolbox', 'dependencies': OrderedDict()}
[0.000718] (turtlebot4_ignition_bringup) JobQueued: {'identifier': 'turtlebot4_ignition_bringup', 'dependencies': OrderedDict([('turtlebot4_ignition_gui_plugins', '/home/robotai/AutoRobots/turtlebot_virtual_lab/install/turtlebot4_ignition_gui_plugins'), ('turtlebot4_ignition_toolbox', '/home/robotai/AutoRobots/turtlebot_virtual_lab/install/turtlebot4_ignition_toolbox')])}
[0.000740] (turtlebot4_simulator) JobQueued: {'identifier': 'turtlebot4_simulator', 'dependencies': OrderedDict([('turtlebot4_ignition_gui_plugins', '/home/robotai/AutoRobots/turtlebot_virtual_lab/install/turtlebot4_ignition_gui_plugins'), ('turtlebot4_ignition_toolbox', '/home/robotai/AutoRobots/turtlebot_virtual_lab/install/turtlebot4_ignition_toolbox'), ('turtlebot4_ignition_bringup', '/home/robotai/AutoRobots/turtlebot_virtual_lab/install/turtlebot4_ignition_bringup')])}
[0.000761] (turtlebot4_ignition_gui_plugins) JobStarted: {'identifier': 'turtlebot4_ignition_gui_plugins'}
[0.005827] (turtlebot4_ignition_toolbox) JobStarted: {'identifier': 'turtlebot4_ignition_toolbox'}
[0.009711] (turtlebot4_ignition_gui_plugins) JobProgress: {'identifier': 'turtlebot4_ignition_gui_plugins', 'progress': 'cmake'}
[0.010397] (turtlebot4_ignition_gui_plugins) Command: {'cmd': ['/usr/bin/cmake', '/home/robotai/AutoRobots/turtlebot_virtual_lab/src/turtlebot4_simulator/turtlebot4_ignition_gui_plugins', '-DCMAKE_INSTALL_PREFIX=/home/robotai/AutoRobots/turtlebot_virtual_lab/install/turtlebot4_ignition_gui_plugins'], 'cwd': '/home/robotai/AutoRobots/turtlebot_virtual_lab/build/turtlebot4_ignition_gui_plugins', 'env': OrderedDict([('LESSOPEN', '| /usr/bin/lesspipe %s'), ('LANGUAGE', 'en_AU:en'), ('USER', 'robotai'), ('XDG_SESSION_TYPE', 'x11'), ('SHLVL', '1'), ('LD_LIBRARY_PATH', '/opt/ros/humble/opt/rviz_ogre_vendor/lib:/opt/ros/humble/lib/x86_64-linux-gnu:/opt/ros/humble/lib'), ('HOME', '/home/robotai'), ('OLDPWD', '/home/robotai/AutoRobots'), ('DESKTOP_SESSION', 'ubuntu'), ('ROS_PYTHON_VERSION', '3'), ('GNOME_SHELL_SESSION_MODE', 'ubuntu'), ('GTK_MODULES', 'gail:atk-bridge'), ('SYSTEMD_EXEC_PID', '106719'), ('DBUS_SESSION_BUS_ADDRESS', 'unix:path=/run/user/1002/bus'), ('COLORTERM', 'truecolor'), ('ROS_DISTRO', 'humble'), ('GTK_IM_MODULE', 'ibus'), ('LOGNAME', 'robotai'), ('_', '/usr/bin/colcon'), ('ROS_VERSION', '2'), ('XDG_SESSION_CLASS', 'user'), ('TERM', 'xterm-256color'), ('GNOME_DESKTOP_SESSION_ID', 'this-is-deprecated'), ('ROS_LOCALHOST_ONLY', '1'), ('PATH', '/opt/ros/humble/bin:/usr/local/sbin:/usr/local/bin:/usr/sbin:/usr/bin:/sbin:/bin:/usr/games:/usr/local/games:/snap/bin'), ('SESSION_MANAGER', 'local/V-2204-HPLC-11:@/tmp/.ICE-unix/106689,unix/V-2204-HPLC-11:/tmp/.ICE-unix/106689'), ('XDG_MENU_PREFIX', 'gnome-'), ('GNOME_TERMINAL_SCREEN', '/org/gnome/Terminal/screen/cc8e99d0_cb61_4841_b0aa_a428ad661c46'), ('XDG_RUNTIME_DIR', '/run/user/1002'), ('DISPLAY', ':100'), ('LANG', 'en_AU.UTF-8'), ('XDG_CURRENT_DESKTOP', 'ubuntu:GNOME'), ('XMODIFIERS', '@im=ibus'), ('XDG_SESSION_DESKTOP', 'ubuntu'), ('XAUTHORITY', '/run/user/1002/Xauthority'), ('LS_COLORS', 'rs=0:di=01;34:ln=01;36:mh=00:pi=40;33:so=01;35:do=01;35:bd=40;33;01:cd=40;33;01:or=40;31;01:mi=00:su=37;41:sg=30;43:ca=30;41:tw=30;42:ow=34;42:st=37;44:ex=01;32:*.tar=01;31:*.tgz=01;31:*.arc=01;31:*.arj=01;31:*.taz=01;31:*.lha=01;31:*.lz4=01;31:*.lzh=01;31:*.lzma=01;31:*.tlz=01;31:*.txz=01;31:*.tzo=01;31:*.t7z=01;31:*.zip=01;31:*.z=01;31:*.dz=01;31:*.gz=01;31:*.lrz=01;31:*.lz=01;31:*.lzo=01;31:*.xz=01;31:*.zst=01;31:*.tzst=01;31:*.bz2=01;31:*.bz=01;31:*.tbz=01;31:*.tbz2=01;31:*.tz=01;31:*.deb=01;31:*.rpm=01;31:*.jar=01;31:*.war=01;31:*.ear=01;31:*.sar=01;31:*.rar=01;31:*.alz=01;31:*.ace=01;31:*.zoo=01;31:*.cpio=01;31:*.7z=01;31:*.rz=01;31:*.cab=01;31:*.wim=01;31:*.swm=01;31:*.dwm=01;31:*.esd=01;31:*.jpg=01;35:*.jpeg=01;35:*.mjpg=01;35:*.mjpeg=01;35:*.gif=01;35:*.bmp=01;35:*.pbm=01;35:*.pgm=01;35:*.ppm=01;35:*.tga=01;35:*.xbm=01;35:*.xpm=01;35:*.tif=01;35:*.tiff=01;35:*.png=01;35:*.svg=01;35:*.svgz=01;35:*.mng=01;35:*.pcx=01;35:*.mov=01;35:*.mpg=01;35:*.mpeg=01;35:*.m2v=01;35:*.mkv=01;35:*.webm=01;35:*.webp=01;35:*.ogm=01;35:*.mp4=01;35:*.m4v=01;35:*.mp4v=01;35:*.vob=01;35:*.qt=01;35:*.nuv=01;35:*.wmv=01;35:*.asf=01;35:*.rm=01;35:*.rmvb=01;35:*.flc=01;35:*.avi=01;35:*.fli=01;35:*.flv=01;35:*.gl=01;35:*.dl=01;35:*.xcf=01;35:*.xwd=01;35:*.yuv=01;35:*.cgm=01;35:*.emf=01;35:*.ogv=01;35:*.ogx=01;35:*.aac=00;36:*.au=00;36:*.flac=00;36:*.m4a=00;36:*.mid=00;36:*.midi=00;36:*.mka=00;36:*.mp3=00;36:*.mpc=00;36:*.ogg=00;36:*.ra=00;36:*.wav=00;36:*.oga=00;36:*.opus=00;36:*.spx=00;36:*.xspf=00;36:'), ('GNOME_TERMINAL_SERVICE', ':1.95'), ('SSH_AGENT_LAUNCHER', 'gnome-keyring'), ('SSH_AUTH_SOCK', '/run/user/1002/keyring/ssh'), ('AMENT_PREFIX_PATH', '/opt/ros/humble'), ('SHELL', '/bin/bash'), ('QT_ACCESSIBILITY', '1'), ('NO_AT_BRIDGE', '1'), ('GDMSESSION', 'ubuntu'), ('LESSCLOSE', '/usr/bin/lesspipe %s %s'), ('GPG_AGENT_INFO', '/run/user/1002/gnupg/S.gpg-agent:0:1'), ('QT_IM_MODULE', 'ibus'), ('PWD', '/home/robotai/AutoRobots/turtlebot_virtual_lab/build/turtlebot4_ignition_gui_plugins'), ('XDG_CONFIG_DIRS', '/etc/xdg/xdg-ubuntu:/etc/xdg'), ('XDG_DATA_DIRS', '/usr/share/ubuntu:/usr/share/gnome:/usr/local/share:/usr/share:/var/lib/snapd/desktop'), ('PYTHONPATH', '/opt/ros/humble/lib/python3.10/site-packages:/opt/ros/humble/local/lib/python3.10/dist-packages'), ('COLCON', '1'), ('VTE_VERSION', '6800'), ('CMAKE_PREFIX_PATH', '/opt/ros/humble')]), 'shell': False}
[0.014574] (turtlebot4_ignition_toolbox) JobProgress: {'identifier': 'turtlebot4_ignition_toolbox', 'progress': 'cmake'}
[0.015129] (turtlebot4_ignition_toolbox) Command: {'cmd': ['/usr/bin/cmake', '/home/robotai/AutoRobots/turtlebot_virtual_lab/src/turtlebot4_simulator/turtlebot4_ignition_toolbox', '-DCMAKE_INSTALL_PREFIX=/home/robotai/AutoRobots/turtlebot_virtual_lab/install/turtlebot4_ignition_toolbox'], 'cwd': '/home/robotai/AutoRobots/turtlebot_virtual_lab/build/turtlebot4_ignition_toolbox', 'env': OrderedDict([('LESSOPEN', '| /usr/bin/lesspipe %s'), ('LANGUAGE', 'en_AU:en'), ('USER', 'robotai'), ('XDG_SESSION_TYPE', 'x11'), ('SHLVL', '1'), ('LD_LIBRARY_PATH', '/opt/ros/humble/opt/rviz_ogre_vendor/lib:/opt/ros/humble/lib/x86_64-linux-gnu:/opt/ros/humble/lib'), ('HOME', '/home/robotai'), ('OLDPWD', '/home/robotai/AutoRobots'), ('DESKTOP_SESSION', 'ubuntu'), ('ROS_PYTHON_VERSION', '3'), ('GNOME_SHELL_SESSION_MODE', 'ubuntu'), ('GTK_MODULES', 'gail:atk-bridge'), ('SYSTEMD_EXEC_PID', '106719'), ('DBUS_SESSION_BUS_ADDRESS', 'unix:path=/run/user/1002/bus'), ('COLORTERM', 'truecolor'), ('ROS_DISTRO', 'humble'), ('GTK_IM_MODULE', 'ibus'), ('LOGNAME', 'robotai'), ('_', '/usr/bin/colcon'), ('ROS_VERSION', '2'), ('XDG_SESSION_CLASS', 'user'), ('TERM', 'xterm-256color'), ('GNOME_DESKTOP_SESSION_ID', 'this-is-deprecated'), ('ROS_LOCALHOST_ONLY', '1'), ('PATH', '/opt/ros/humble/bin:/usr/local/sbin:/usr/local/bin:/usr/sbin:/usr/bin:/sbin:/bin:/usr/games:/usr/local/games:/snap/bin'), ('SESSION_MANAGER', 'local/V-2204-HPLC-11:@/tmp/.ICE-unix/106689,unix/V-2204-HPLC-11:/tmp/.ICE-unix/106689'), ('XDG_MENU_PREFIX', 'gnome-'), ('GNOME_TERMINAL_SCREEN', '/org/gnome/Terminal/screen/cc8e99d0_cb61_4841_b0aa_a428ad661c46'), ('XDG_RUNTIME_DIR', '/run/user/1002'), ('DISPLAY', ':100'), ('LANG', 'en_AU.UTF-8'), ('XDG_CURRENT_DESKTOP', 'ubuntu:GNOME'), ('XMODIFIERS', '@im=ibus'), ('XDG_SESSION_DESKTOP', 'ubuntu'), ('XAUTHORITY', '/run/user/1002/Xauthority'), ('LS_COLORS', 'rs=0:di=01;34:ln=01;36:mh=00:pi=40;33:so=01;35:do=01;35:bd=40;33;01:cd=40;33;01:or=40;31;01:mi=00:su=37;41:sg=30;43:ca=30;41:tw=30;42:ow=34;42:st=37;44:ex=01;32:*.tar=01;31:*.tgz=01;31:*.arc=01;31:*.arj=01;31:*.taz=01;31:*.lha=01;31:*.lz4=01;31:*.lzh=01;31:*.lzma=01;31:*.tlz=01;31:*.txz=01;31:*.tzo=01;31:*.t7z=01;31:*.zip=01;31:*.z=01;31:*.dz=01;31:*.gz=01;31:*.lrz=01;31:*.lz=01;31:*.lzo=01;31:*.xz=01;31:*.zst=01;31:*.tzst=01;31:*.bz2=01;31:*.bz=01;31:*.tbz=01;31:*.tbz2=01;31:*.tz=01;31:*.deb=01;31:*.rpm=01;31:*.jar=01;31:*.war=01;31:*.ear=01;31:*.sar=01;31:*.rar=01;31:*.alz=01;31:*.ace=01;31:*.zoo=01;31:*.cpio=01;31:*.7z=01;31:*.rz=01;31:*.cab=01;31:*.wim=01;31:*.swm=01;31:*.dwm=01;31:*.esd=01;31:*.jpg=01;35:*.jpeg=01;35:*.mjpg=01;35:*.mjpeg=01;35:*.gif=01;35:*.bmp=01;35:*.pbm=01;35:*.pgm=01;35:*.ppm=01;35:*.tga=01;35:*.xbm=01;35:*.xpm=01;35:*.tif=01;35:*.tiff=01;35:*.png=01;35:*.svg=01;35:*.svgz=01;35:*.mng=01;35:*.pcx=01;35:*.mov=01;35:*.mpg=01;35:*.mpeg=01;35:*.m2v=01;35:*.mkv=01;35:*.webm=01;35:*.webp=01;35:*.ogm=01;35:*.mp4=01;35:*.m4v=01;35:*.mp4v=01;35:*.vob=01;35:*.qt=01;35:*.nuv=01;35:*.wmv=01;35:*.asf=01;35:*.rm=01;35:*.rmvb=01;35:*.flc=01;35:*.avi=01;35:*.fli=01;35:*.flv=01;35:*.gl=01;35:*.dl=01;35:*.xcf=01;35:*.xwd=01;35:*.yuv=01;35:*.cgm=01;35:*.emf=01;35:*.ogv=01;35:*.ogx=01;35:*.aac=00;36:*.au=00;36:*.flac=00;36:*.m4a=00;36:*.mid=00;36:*.midi=00;36:*.mka=00;36:*.mp3=00;36:*.mpc=00;36:*.ogg=00;36:*.ra=00;36:*.wav=00;36:*.oga=00;36:*.opus=00;36:*.spx=00;36:*.xspf=00;36:'), ('GNOME_TERMINAL_SERVICE', ':1.95'), ('SSH_AGENT_LAUNCHER', 'gnome-keyring'), ('SSH_AUTH_SOCK', '/run/user/1002/keyring/ssh'), ('AMENT_PREFIX_PATH', '/opt/ros/humble'), ('SHELL', '/bin/bash'), ('QT_ACCESSIBILITY', '1'), ('NO_AT_BRIDGE', '1'), ('GDMSESSION', 'ubuntu'), ('LESSCLOSE', '/usr/bin/lesspipe %s %s'), ('GPG_AGENT_INFO', '/run/user/1002/gnupg/S.gpg-agent:0:1'), ('QT_IM_MODULE', 'ibus'), ('PWD', '/home/robotai/AutoRobots/turtlebot_virtual_lab/build/turtlebot4_ignition_toolbox'), ('XDG_CONFIG_DIRS', '/etc/xdg/xdg-ubuntu:/etc/xdg'), ('XDG_DATA_DIRS', '/usr/share/ubuntu:/usr/share/gnome:/usr/local/share:/usr/share:/var/lib/snapd/desktop'), ('PYTHONPATH', '/opt/ros/humble/lib/python3.10/site-packages:/opt/ros/humble/local/lib/python3.10/dist-packages'), ('COLCON', '1'), ('VTE_VERSION', '6800'), ('CMAKE_PREFIX_PATH', '/opt/ros/humble')]), 'shell': False}
[0.072062] (turtlebot4_ignition_gui_plugins) StdoutLine: {'line': b'-- The C compiler identification is GNU 12.3.0\n'}
[0.080136] (turtlebot4_ignition_toolbox) StdoutLine: {'line': b'-- The C compiler identification is GNU 12.3.0\n'}
[0.099566] (-) TimerEvent: {}
[0.127293] (turtlebot4_ignition_gui_plugins) StdoutLine: {'line': b'-- The CXX compiler identification is GNU 12.3.0\n'}
[0.139563] (turtlebot4_ignition_toolbox) StdoutLine: {'line': b'-- The CXX compiler identification is GNU 12.3.0\n'}
[0.140988] (turtlebot4_ignition_gui_plugins) StdoutLine: {'line': b'-- Detecting C compiler ABI info\n'}
[0.151723] (turtlebot4_ignition_toolbox) StdoutLine: {'line': b'-- Detecting C compiler ABI info\n'}
[0.199683] (-) TimerEvent: {}
[0.212678] (turtlebot4_ignition_gui_plugins) StdoutLine: {'line': b'-- Detecting C compiler ABI info - done\n'}
[0.218119] (turtlebot4_ignition_toolbox) StdoutLine: {'line': b'-- Detecting C compiler ABI info - done\n'}
[0.219104] (turtlebot4_ignition_gui_plugins) StdoutLine: {'line': b'-- Check for working C compiler: /usr/bin/cc - skipped\n'}
[0.219322] (turtlebot4_ignition_gui_plugins) StdoutLine: {'line': b'-- Detecting C compile features\n'}
[0.219646] (turtlebot4_ignition_gui_plugins) StdoutLine: {'line': b'-- Detecting C compile features - done\n'}
[0.222278] (turtlebot4_ignition_gui_plugins) StdoutLine: {'line': b'-- Detecting CXX compiler ABI info\n'}
[0.224883] (turtlebot4_ignition_toolbox) StdoutLine: {'line': b'-- Check for working C compiler: /usr/bin/cc - skipped\n'}
[0.225147] (turtlebot4_ignition_toolbox) StdoutLine: {'line': b'-- Detecting C compile features\n'}
[0.225600] (turtlebot4_ignition_toolbox) StdoutLine: {'line': b'-- Detecting C compile features - done\n'}
[0.233718] (turtlebot4_ignition_toolbox) StdoutLine: {'line': b'-- Detecting CXX compiler ABI info\n'}
[0.299802] (-) TimerEvent: {}
[0.310298] (turtlebot4_ignition_gui_plugins) StdoutLine: {'line': b'-- Detecting CXX compiler ABI info - done\n'}
[0.316087] (turtlebot4_ignition_toolbox) StdoutLine: {'line': b'-- Detecting CXX compiler ABI info - done\n'}
[0.316842] (turtlebot4_ignition_gui_plugins) StdoutLine: {'line': b'-- Check for working CXX compiler: /usr/bin/c++ - skipped\n'}
[0.317144] (turtlebot4_ignition_gui_plugins) StdoutLine: {'line': b'-- Detecting CXX compile features\n'}
[0.317539] (turtlebot4_ignition_gui_plugins) StdoutLine: {'line': b'-- Detecting CXX compile features - done\n'}
[0.319615] (turtlebot4_ignition_gui_plugins) StdoutLine: {'line': b'-- Found ament_cmake: 1.3.14 (/opt/ros/humble/share/ament_cmake/cmake)\n'}
[0.323079] (turtlebot4_ignition_toolbox) StdoutLine: {'line': b'-- Check for working CXX compiler: /usr/bin/c++ - skipped\n'}
[0.323363] (turtlebot4_ignition_toolbox) StdoutLine: {'line': b'-- Detecting CXX compile features\n'}
[0.323771] (turtlebot4_ignition_toolbox) StdoutLine: {'line': b'-- Detecting CXX compile features - done\n'}
[0.326670] (turtlebot4_ignition_toolbox) StdoutLine: {'line': b'-- Found ament_cmake: 1.3.14 (/opt/ros/humble/share/ament_cmake/cmake)\n'}
[0.399924] (-) TimerEvent: {}
[0.471650] (turtlebot4_ignition_gui_plugins) StdoutLine: {'line': b'-- Found Python3: /usr/bin/python3 (found version "3.10.12") found components: Interpreter \n'}
[0.479840] (turtlebot4_ignition_toolbox) StdoutLine: {'line': b'-- Found Python3: /usr/bin/python3 (found version "3.10.12") found components: Interpreter \n'}
[0.500039] (-) TimerEvent: {}
[0.555849] (turtlebot4_ignition_gui_plugins) StdoutLine: {'line': b'-- Found ament_lint_auto: 0.12.15 (/opt/ros/humble/share/ament_lint_auto/cmake)\n'}
[0.559288] (turtlebot4_ignition_toolbox) StdoutLine: {'line': b'-- Found rclcpp: 16.0.19 (/opt/ros/humble/share/rclcpp/cmake)\n'}
[0.595914] (turtlebot4_ignition_toolbox) StdoutLine: {'line': b'-- Found rosidl_generator_c: 3.1.9 (/opt/ros/humble/share/rosidl_generator_c/cmake)\n'}
[0.600136] (turtlebot4_ignition_toolbox) StdoutLine: {'line': b'-- Found rosidl_adapter: 3.1.9 (/opt/ros/humble/share/rosidl_adapter/cmake)\n'}
[0.600254] (-) TimerEvent: {}
[0.607522] (turtlebot4_ignition_toolbox) StdoutLine: {'line': b'-- Found rosidl_generator_cpp: 3.1.9 (/opt/ros/humble/share/rosidl_generator_cpp/cmake)\n'}
[0.617972] (turtlebot4_ignition_toolbox) StdoutLine: {'line': b'-- Using all available rosidl_typesupport_c: rosidl_typesupport_fastrtps_c;rosidl_typesupport_introspection_c\n'}
[0.636043] (turtlebot4_ignition_toolbox) StdoutLine: {'line': b'-- Using all available rosidl_typesupport_cpp: rosidl_typesupport_fastrtps_cpp;rosidl_typesupport_introspection_cpp\n'}
[0.670151] (turtlebot4_ignition_toolbox) StdoutLine: {'line': b'-- Found rmw_implementation_cmake: 6.1.2 (/opt/ros/humble/share/rmw_implementation_cmake/cmake)\n'}
[0.672273] (turtlebot4_ignition_toolbox) StdoutLine: {'line': b'-- Found rmw_fastrtps_cpp: 6.2.10 (/opt/ros/humble/share/rmw_fastrtps_cpp/cmake)\n'}
[0.700398] (-) TimerEvent: {}
[0.750311] (turtlebot4_ignition_gui_plugins) StdoutLine: {'line': b'-- Looking for ignition-gui6 -- found version 6.9.0\n'}
[0.751686] (turtlebot4_ignition_toolbox) StdoutLine: {'line': b'-- Found OpenSSL: /usr/lib/x86_64-linux-gnu/libcrypto.so (found version "3.0.2")  \n'}
[0.778248] (turtlebot4_ignition_toolbox) StdoutLine: {'line': b'-- Found FastRTPS: /opt/ros/humble/include  \n'}
[0.787763] (turtlebot4_ignition_gui_plugins) StdoutLine: {'line': b'-- Searching for dependencies of ignition-gui6\n'}
[0.800503] (-) TimerEvent: {}
[0.818393] (turtlebot4_ignition_toolbox) StdoutLine: {'line': b"-- Using RMW implementation 'rmw_fastrtps_cpp' as default\n"}
[0.826753] (turtlebot4_ignition_toolbox) StdoutLine: {'line': b'-- Looking for pthread.h\n'}
[0.900628] (-) TimerEvent: {}
[0.902525] (turtlebot4_ignition_toolbox) StdoutLine: {'line': b'-- Looking for pthread.h - found\n'}
[0.903017] (turtlebot4_ignition_toolbox) StdoutLine: {'line': b'-- Performing Test CMAKE_HAVE_LIBC_PTHREAD\n'}
[0.987026] (turtlebot4_ignition_toolbox) StdoutLine: {'line': b'-- Performing Test CMAKE_HAVE_LIBC_PTHREAD - Success\n'}
[0.988468] (turtlebot4_ignition_toolbox) StdoutLine: {'line': b'-- Found Threads: TRUE  \n'}
[1.000727] (-) TimerEvent: {}
[1.048948] (turtlebot4_ignition_gui_plugins) StdoutLine: {'line': b'-- Found Protobuf: /usr/lib/x86_64-linux-gnu/libprotobuf.so (found version "3.12.4") \n'}
[1.056135] (turtlebot4_ignition_gui_plugins) StdoutLine: {'line': b"-- Checking for module 'tinyxml2'\n"}
[1.058204] (turtlebot4_ignition_toolbox) StdoutLine: {'line': b'-- Found rclcpp_action: 16.0.19 (/opt/ros/humble/share/rclcpp_action/cmake)\n'}
[1.066894] (turtlebot4_ignition_gui_plugins) StdoutLine: {'line': b'--   Found tinyxml2, version 9.0.0\n'}
[1.100846] (-) TimerEvent: {}
[1.102862] (turtlebot4_ignition_toolbox) StdoutLine: {'line': b'-- Found sensor_msgs: 4.9.1 (/opt/ros/humble/share/sensor_msgs/cmake)\n'}
[1.105122] (turtlebot4_ignition_gui_plugins) StdoutLine: {'line': b'-- Looking for ignition-math6 -- found version 6.16.0\n'}
[1.105502] (turtlebot4_ignition_gui_plugins) StdoutLine: {'line': b'-- Searching for dependencies of ignition-math6\n'}
[1.119500] (turtlebot4_ignition_gui_plugins) StdoutLine: {'line': b'-- Looking for ignition-common4 -- found version 4.8.1\n'}
[1.119829] (turtlebot4_ignition_gui_plugins) StdoutLine: {'line': b'-- Searching for dependencies of ignition-common4\n'}
[1.123978] (turtlebot4_ignition_gui_plugins) StdoutLine: {'line': b'-- Looking for dlfcn.h - found\n'}
[1.125232] (turtlebot4_ignition_gui_plugins) StdoutLine: {'line': b'-- Looking for libdl - found\n'}
[1.126398] (turtlebot4_ignition_gui_plugins) StdoutLine: {'line': b'-- Found DL: TRUE  \n'}
[1.135652] (turtlebot4_ignition_gui_plugins) StdoutLine: {'line': b"-- Checking for module 'uuid'\n"}
[1.147440] (turtlebot4_ignition_gui_plugins) StdoutLine: {'line': b'--   Found uuid, version 2.37.2\n'}
[1.157804] (turtlebot4_ignition_toolbox) StdoutLine: {'line': b'-- Found turtlebot4_msgs: 1.0.5 (/opt/ros/humble/share/turtlebot4_msgs/cmake)\n'}
[1.174500] (turtlebot4_ignition_gui_plugins) StdoutLine: {'line': b'-- Found UUID: TRUE  \n'}
[1.176455] (turtlebot4_ignition_gui_plugins) StdoutLine: {'line': b'-- Searching for <ignition-common4> component [profiler]\n'}
[1.184543] (turtlebot4_ignition_gui_plugins) StdoutLine: {'line': b'-- Looking for ignition-common4-profiler -- found version 4.8.1\n'}
[1.184959] (turtlebot4_ignition_gui_plugins) StdoutLine: {'line': b'-- Searching for dependencies of ignition-common4-profiler\n'}
[1.185410] (turtlebot4_ignition_toolbox) StdoutLine: {'line': b'-- Found ament_lint_auto: 0.12.15 (/opt/ros/humble/share/ament_lint_auto/cmake)\n'}
[1.200941] (-) TimerEvent: {}
[1.218082] (turtlebot4_ignition_gui_plugins) StdoutLine: {'line': b'-- Looking for ignition-plugin1 -- found version 1.4.0\n'}
[1.218523] (turtlebot4_ignition_gui_plugins) StdoutLine: {'line': b'-- Searching for dependencies of ignition-plugin1\n'}
[1.220175] (turtlebot4_ignition_gui_plugins) StdoutLine: {'line': b'-- Searching for <ignition-plugin1> component [loader]\n'}
[1.222681] (turtlebot4_ignition_gui_plugins) StdoutLine: {'line': b'-- Looking for ignition-plugin1-loader -- found version 1.4.0\n'}
[1.223074] (turtlebot4_ignition_gui_plugins) StdoutLine: {'line': b'-- Searching for dependencies of ignition-plugin1-loader\n'}
[1.224421] (turtlebot4_ignition_gui_plugins) StdoutLine: {'line': b'-- Searching for <ignition-plugin1> component [register]\n'}
[1.226810] (turtlebot4_ignition_gui_plugins) StdoutLine: {'line': b'-- Looking for ignition-plugin1-register -- found version 1.4.0\n'}
[1.227198] (turtlebot4_ignition_gui_plugins) StdoutLine: {'line': b'-- Searching for dependencies of ignition-plugin1-register\n'}
[1.237185] (turtlebot4_ignition_gui_plugins) StdoutLine: {'line': b'-- Looking for ignition-transport11 -- found version 11.4.2\n'}
[1.237664] (turtlebot4_ignition_gui_plugins) StdoutLine: {'line': b'-- Searching for dependencies of ignition-transport11\n'}
[1.260621] (turtlebot4_ignition_toolbox) StdoutLine: {'line': b"-- Added test 'cppcheck' to perform static code analysis on C / C++ code\n"}
[1.264122] (turtlebot4_ignition_toolbox) StdoutLine: {'line': b'-- Configured cppcheck include dirs: /home/robotai/AutoRobots/turtlebot_virtual_lab/src/turtlebot4_simulator/turtlebot4_ignition_toolbox/include\n'}
[1.264276] (turtlebot4_ignition_toolbox) StdoutLine: {'line': b'-- Configured cppcheck exclude dirs and/or files: \n'}
[1.264337] (turtlebot4_ignition_toolbox) StdoutLine: {'line': b"-- Added test 'cpplint' to check C / C++ code against the Google style\n"}
[1.264385] (turtlebot4_ignition_toolbox) StdoutLine: {'line': b'-- Configured cpplint exclude dirs and/or files: \n'}
[1.264430] (turtlebot4_ignition_toolbox) StdoutLine: {'line': b"-- Added test 'lint_cmake' to check CMake code style\n"}
[1.264474] (turtlebot4_ignition_toolbox) StdoutLine: {'line': b"-- Added test 'uncrustify' to check C / C++ code style\n"}
[1.264516] (turtlebot4_ignition_toolbox) StdoutLine: {'line': b'-- Configured uncrustify additional arguments: \n'}
[1.264558] (turtlebot4_ignition_toolbox) StdoutLine: {'line': b"-- Added test 'xmllint' to check XML markup files\n"}
[1.266574] (turtlebot4_ignition_toolbox) StdoutLine: {'line': b'-- Configuring done\n'}
[1.271947] (turtlebot4_ignition_gui_plugins) StdoutLine: {'line': b'-- Config-file not installed for ZeroMQ -- checking for pkg-config\n'}
[1.275946] (turtlebot4_ignition_gui_plugins) StdoutLine: {'line': b"-- Checking for module 'libzmq >= 4'\n"}
[1.281968] (turtlebot4_ignition_toolbox) StdoutLine: {'line': b'-- Generating done\n'}
[1.285365] (turtlebot4_ignition_toolbox) StdoutLine: {'line': b'-- Build files have been written to: /home/robotai/AutoRobots/turtlebot_virtual_lab/build/turtlebot4_ignition_toolbox\n'}
[1.296105] (turtlebot4_ignition_toolbox) CommandEnded: {'returncode': 0}
[1.296678] (turtlebot4_ignition_toolbox) JobProgress: {'identifier': 'turtlebot4_ignition_toolbox', 'progress': 'build'}
[1.297453] (turtlebot4_ignition_toolbox) Command: {'cmd': ['/usr/bin/cmake', '--build', '/home/robotai/AutoRobots/turtlebot_virtual_lab/build/turtlebot4_ignition_toolbox', '--', '-j6', '-l6'], 'cwd': '/home/robotai/AutoRobots/turtlebot_virtual_lab/build/turtlebot4_ignition_toolbox', 'env': OrderedDict([('LESSOPEN', '| /usr/bin/lesspipe %s'), ('LANGUAGE', 'en_AU:en'), ('USER', 'robotai'), ('XDG_SESSION_TYPE', 'x11'), ('SHLVL', '1'), ('LD_LIBRARY_PATH', '/opt/ros/humble/opt/rviz_ogre_vendor/lib:/opt/ros/humble/lib/x86_64-linux-gnu:/opt/ros/humble/lib'), ('HOME', '/home/robotai'), ('OLDPWD', '/home/robotai/AutoRobots'), ('DESKTOP_SESSION', 'ubuntu'), ('ROS_PYTHON_VERSION', '3'), ('GNOME_SHELL_SESSION_MODE', 'ubuntu'), ('GTK_MODULES', 'gail:atk-bridge'), ('SYSTEMD_EXEC_PID', '106719'), ('DBUS_SESSION_BUS_ADDRESS', 'unix:path=/run/user/1002/bus'), ('COLORTERM', 'truecolor'), ('ROS_DISTRO', 'humble'), ('GTK_IM_MODULE', 'ibus'), ('LOGNAME', 'robotai'), ('_', '/usr/bin/colcon'), ('ROS_VERSION', '2'), ('XDG_SESSION_CLASS', 'user'), ('TERM', 'xterm-256color'), ('GNOME_DESKTOP_SESSION_ID', 'this-is-deprecated'), ('ROS_LOCALHOST_ONLY', '1'), ('PATH', '/opt/ros/humble/bin:/usr/local/sbin:/usr/local/bin:/usr/sbin:/usr/bin:/sbin:/bin:/usr/games:/usr/local/games:/snap/bin'), ('SESSION_MANAGER', 'local/V-2204-HPLC-11:@/tmp/.ICE-unix/106689,unix/V-2204-HPLC-11:/tmp/.ICE-unix/106689'), ('XDG_MENU_PREFIX', 'gnome-'), ('GNOME_TERMINAL_SCREEN', '/org/gnome/Terminal/screen/cc8e99d0_cb61_4841_b0aa_a428ad661c46'), ('XDG_RUNTIME_DIR', '/run/user/1002'), ('DISPLAY', ':100'), ('LANG', 'en_AU.UTF-8'), ('XDG_CURRENT_DESKTOP', 'ubuntu:GNOME'), ('XMODIFIERS', '@im=ibus'), ('XDG_SESSION_DESKTOP', 'ubuntu'), ('XAUTHORITY', '/run/user/1002/Xauthority'), ('LS_COLORS', 'rs=0:di=01;34:ln=01;36:mh=00:pi=40;33:so=01;35:do=01;35:bd=40;33;01:cd=40;33;01:or=40;31;01:mi=00:su=37;41:sg=30;43:ca=30;41:tw=30;42:ow=34;42:st=37;44:ex=01;32:*.tar=01;31:*.tgz=01;31:*.arc=01;31:*.arj=01;31:*.taz=01;31:*.lha=01;31:*.lz4=01;31:*.lzh=01;31:*.lzma=01;31:*.tlz=01;31:*.txz=01;31:*.tzo=01;31:*.t7z=01;31:*.zip=01;31:*.z=01;31:*.dz=01;31:*.gz=01;31:*.lrz=01;31:*.lz=01;31:*.lzo=01;31:*.xz=01;31:*.zst=01;31:*.tzst=01;31:*.bz2=01;31:*.bz=01;31:*.tbz=01;31:*.tbz2=01;31:*.tz=01;31:*.deb=01;31:*.rpm=01;31:*.jar=01;31:*.war=01;31:*.ear=01;31:*.sar=01;31:*.rar=01;31:*.alz=01;31:*.ace=01;31:*.zoo=01;31:*.cpio=01;31:*.7z=01;31:*.rz=01;31:*.cab=01;31:*.wim=01;31:*.swm=01;31:*.dwm=01;31:*.esd=01;31:*.jpg=01;35:*.jpeg=01;35:*.mjpg=01;35:*.mjpeg=01;35:*.gif=01;35:*.bmp=01;35:*.pbm=01;35:*.pgm=01;35:*.ppm=01;35:*.tga=01;35:*.xbm=01;35:*.xpm=01;35:*.tif=01;35:*.tiff=01;35:*.png=01;35:*.svg=01;35:*.svgz=01;35:*.mng=01;35:*.pcx=01;35:*.mov=01;35:*.mpg=01;35:*.mpeg=01;35:*.m2v=01;35:*.mkv=01;35:*.webm=01;35:*.webp=01;35:*.ogm=01;35:*.mp4=01;35:*.m4v=01;35:*.mp4v=01;35:*.vob=01;35:*.qt=01;35:*.nuv=01;35:*.wmv=01;35:*.asf=01;35:*.rm=01;35:*.rmvb=01;35:*.flc=01;35:*.avi=01;35:*.fli=01;35:*.flv=01;35:*.gl=01;35:*.dl=01;35:*.xcf=01;35:*.xwd=01;35:*.yuv=01;35:*.cgm=01;35:*.emf=01;35:*.ogv=01;35:*.ogx=01;35:*.aac=00;36:*.au=00;36:*.flac=00;36:*.m4a=00;36:*.mid=00;36:*.midi=00;36:*.mka=00;36:*.mp3=00;36:*.mpc=00;36:*.ogg=00;36:*.ra=00;36:*.wav=00;36:*.oga=00;36:*.opus=00;36:*.spx=00;36:*.xspf=00;36:'), ('GNOME_TERMINAL_SERVICE', ':1.95'), ('SSH_AGENT_LAUNCHER', 'gnome-keyring'), ('SSH_AUTH_SOCK', '/run/user/1002/keyring/ssh'), ('AMENT_PREFIX_PATH', '/opt/ros/humble'), ('SHELL', '/bin/bash'), ('QT_ACCESSIBILITY', '1'), ('NO_AT_BRIDGE', '1'), ('GDMSESSION', 'ubuntu'), ('LESSCLOSE', '/usr/bin/lesspipe %s %s'), ('GPG_AGENT_INFO', '/run/user/1002/gnupg/S.gpg-agent:0:1'), ('QT_IM_MODULE', 'ibus'), ('PWD', '/home/robotai/AutoRobots/turtlebot_virtual_lab/build/turtlebot4_ignition_toolbox'), ('XDG_CONFIG_DIRS', '/etc/xdg/xdg-ubuntu:/etc/xdg'), ('XDG_DATA_DIRS', '/usr/share/ubuntu:/usr/share/gnome:/usr/local/share:/usr/share:/var/lib/snapd/desktop'), ('PYTHONPATH', '/opt/ros/humble/lib/python3.10/site-packages:/opt/ros/humble/local/lib/python3.10/dist-packages'), ('COLCON', '1'), ('VTE_VERSION', '6800'), ('CMAKE_PREFIX_PATH', '/opt/ros/humble')]), 'shell': False}
[1.301017] (-) TimerEvent: {}
[1.316639] (turtlebot4_ignition_gui_plugins) StdoutLine: {'line': b'--   Found libzmq , version 4.3.4\n'}
[1.361351] (turtlebot4_ignition_toolbox) StdoutLine: {'line': b'[ 20%] \x1b[32mBuilding CXX object CMakeFiles/turtlebot4_ignition_toolbox_lib.dir/src/hmi_node.cpp.o\x1b[0m\n'}
[1.361544] (turtlebot4_ignition_toolbox) StdoutLine: {'line': b'[ 40%] \x1b[32mBuilding CXX object CMakeFiles/turtlebot4_ignition_toolbox_lib.dir/src/hmi_main.cpp.o\x1b[0m\n'}
[1.364554] (turtlebot4_ignition_gui_plugins) StdoutLine: {'line': b'-- Found ZeroMQ: TRUE (Required is at least version "4") \n'}
[1.384559] (turtlebot4_ignition_gui_plugins) StdoutLine: {'line': b'-- Looking for ignition-utils1 -- found version 1.5.1\n'}
[1.384997] (turtlebot4_ignition_gui_plugins) StdoutLine: {'line': b'-- Searching for dependencies of ignition-utils1\n'}
[1.386496] (turtlebot4_ignition_gui_plugins) StdoutLine: {'line': b'-- Searching for <ignition-utils1> component [cli]\n'}
[1.390093] (turtlebot4_ignition_gui_plugins) StdoutLine: {'line': b'-- Looking for ignition-utils1-cli -- found version 1.5.1\n'}
[1.390598] (turtlebot4_ignition_gui_plugins) StdoutLine: {'line': b'-- Searching for dependencies of ignition-utils1-cli\n'}
[1.400654] (turtlebot4_ignition_gui_plugins) StdoutLine: {'line': b'-- Looking for ignition-msgs8 -- found version 8.7.1\n'}
[1.401043] (turtlebot4_ignition_gui_plugins) StdoutLine: {'line': b'-- Searching for dependencies of ignition-msgs8\n'}
[1.401107] (-) TimerEvent: {}
[1.417997] (turtlebot4_ignition_gui_plugins) StdoutLine: {'line': b'-- Looking for ignition-math6 -- found version 6.16.0\n'}
[1.445996] (turtlebot4_ignition_gui_plugins) StdoutLine: {'line': b'-- Looking for ignition-rendering6 -- found version 6.6.4\n'}
[1.446169] (turtlebot4_ignition_gui_plugins) StdoutLine: {'line': b'-- Searching for dependencies of ignition-rendering6\n'}
[1.446223] (turtlebot4_ignition_gui_plugins) StdoutLine: {'line': b'-- Looking for ignition-math6 -- found version 6.16.0\n'}
[1.446267] (turtlebot4_ignition_gui_plugins) StdoutLine: {'line': b'-- Searching for dependencies of ignition-math6\n'}
[1.446311] (turtlebot4_ignition_gui_plugins) StdoutLine: {'line': b'-- Searching for <ignition-math6> component [eigen3]\n'}
[1.455543] (turtlebot4_ignition_gui_plugins) StdoutLine: {'line': b'-- Looking for ignition-math6-eigen3 -- found version 6.16.0\n'}
[1.455986] (turtlebot4_ignition_gui_plugins) StdoutLine: {'line': b'-- Searching for dependencies of ignition-math6-eigen3\n'}
[1.472452] (turtlebot4_ignition_gui_plugins) StdoutLine: {'line': b'-- Looking for ignition-common4 -- found version 4.8.1\n'}
[1.472753] (turtlebot4_ignition_gui_plugins) StdoutLine: {'line': b'-- Searching for dependencies of ignition-common4\n'}
[1.472851] (turtlebot4_ignition_gui_plugins) StdoutLine: {'line': b'-- Looking for dlfcn.h - found\n'}
[1.472916] (turtlebot4_ignition_gui_plugins) StdoutLine: {'line': b'-- Looking for libdl - found\n'}
[1.482511] (turtlebot4_ignition_gui_plugins) StdoutLine: {'line': b'-- Searching for <ignition-common4> component [graphics]\n'}
[1.487106] (turtlebot4_ignition_gui_plugins) StdoutLine: {'line': b'-- Looking for ignition-common4-graphics -- found version 4.8.1\n'}
[1.487528] (turtlebot4_ignition_gui_plugins) StdoutLine: {'line': b'-- Searching for dependencies of ignition-common4-graphics\n'}
[1.487832] (turtlebot4_ignition_gui_plugins) StdoutLine: {'line': b'-- Looking for ignition-math6 -- found version 6.16.0\n'}
[1.488181] (turtlebot4_ignition_gui_plugins) StdoutLine: {'line': b'-- Looking for ignition-utils1 -- found version 1.5.1\n'}
[1.489617] (turtlebot4_ignition_gui_plugins) StdoutLine: {'line': b'-- Searching for <ignition-common4> component [events]\n'}
[1.493618] (turtlebot4_ignition_gui_plugins) StdoutLine: {'line': b'-- Looking for ignition-common4-events -- found version 4.8.1\n'}
[1.494033] (turtlebot4_ignition_gui_plugins) StdoutLine: {'line': b'-- Searching for dependencies of ignition-common4-events\n'}
[1.494353] (turtlebot4_ignition_gui_plugins) StdoutLine: {'line': b'-- Looking for ignition-math6 -- found version 6.16.0\n'}
[1.496918] (turtlebot4_ignition_gui_plugins) StdoutLine: {'line': b'-- Looking for ignition-plugin1 -- found version 1.4.0\n'}
[1.497248] (turtlebot4_ignition_gui_plugins) StdoutLine: {'line': b'-- Searching for dependencies of ignition-plugin1\n'}
[1.497320] (turtlebot4_ignition_gui_plugins) StdoutLine: {'line': b'-- Searching for <ignition-plugin1> component [all]\n'}
[1.499738] (turtlebot4_ignition_gui_plugins) StdoutLine: {'line': b'-- Looking for all libraries of ignition-plugin1 -- found version 1.4.0\n'}
[1.500318] (turtlebot4_ignition_gui_plugins) StdoutLine: {'line': b'-- Looking for ignition-plugin1 -- found version 1.4.0\n'}
[1.501186] (-) TimerEvent: {}
[1.504388] (turtlebot4_ignition_gui_plugins) StdoutLine: {'line': b'-- Looking for ignition-msgs8 -- found version 8.7.1\n'}
[1.515330] (turtlebot4_ignition_gui_plugins) StdoutLine: {'line': b'-- Looking for ignition-common4 -- found version 4.8.1\n'}
[1.518823] (turtlebot4_ignition_gui_plugins) StdoutLine: {'line': b"-- Added test 'cppcheck' to perform static code analysis on C / C++ code\n"}
[1.518985] (turtlebot4_ignition_gui_plugins) StdoutLine: {'line': b'-- Configured cppcheck include dirs: \n'}
[1.519039] (turtlebot4_ignition_gui_plugins) StdoutLine: {'line': b'-- Configured cppcheck exclude dirs and/or files: \n'}
[1.519672] (turtlebot4_ignition_gui_plugins) StdoutLine: {'line': b"-- Added test 'cpplint' to check C / C++ code against the Google style\n"}
[1.519722] (turtlebot4_ignition_gui_plugins) StdoutLine: {'line': b'-- Configured cpplint exclude dirs and/or files: \n'}
[1.520244] (turtlebot4_ignition_gui_plugins) StdoutLine: {'line': b"-- Added test 'lint_cmake' to check CMake code style\n"}
[1.520723] (turtlebot4_ignition_gui_plugins) StdoutLine: {'line': b"-- Added test 'xmllint' to check XML markup files\n"}
[1.521658] (turtlebot4_ignition_gui_plugins) StdoutLine: {'line': b'-- Configuring done\n'}
[1.587036] (turtlebot4_ignition_gui_plugins) StdoutLine: {'line': b'-- Generating done\n'}
[1.589110] (turtlebot4_ignition_gui_plugins) StdoutLine: {'line': b'-- Build files have been written to: /home/robotai/AutoRobots/turtlebot_virtual_lab/build/turtlebot4_ignition_gui_plugins\n'}
[1.600347] (turtlebot4_ignition_gui_plugins) CommandEnded: {'returncode': 0}
[1.600952] (turtlebot4_ignition_gui_plugins) JobProgress: {'identifier': 'turtlebot4_ignition_gui_plugins', 'progress': 'build'}
[1.601353] (turtlebot4_ignition_gui_plugins) Command: {'cmd': ['/usr/bin/cmake', '--build', '/home/robotai/AutoRobots/turtlebot_virtual_lab/build/turtlebot4_ignition_gui_plugins', '--', '-j6', '-l6'], 'cwd': '/home/robotai/AutoRobots/turtlebot_virtual_lab/build/turtlebot4_ignition_gui_plugins', 'env': OrderedDict([('LESSOPEN', '| /usr/bin/lesspipe %s'), ('LANGUAGE', 'en_AU:en'), ('USER', 'robotai'), ('XDG_SESSION_TYPE', 'x11'), ('SHLVL', '1'), ('LD_LIBRARY_PATH', '/opt/ros/humble/opt/rviz_ogre_vendor/lib:/opt/ros/humble/lib/x86_64-linux-gnu:/opt/ros/humble/lib'), ('HOME', '/home/robotai'), ('OLDPWD', '/home/robotai/AutoRobots'), ('DESKTOP_SESSION', 'ubuntu'), ('ROS_PYTHON_VERSION', '3'), ('GNOME_SHELL_SESSION_MODE', 'ubuntu'), ('GTK_MODULES', 'gail:atk-bridge'), ('SYSTEMD_EXEC_PID', '106719'), ('DBUS_SESSION_BUS_ADDRESS', 'unix:path=/run/user/1002/bus'), ('COLORTERM', 'truecolor'), ('ROS_DISTRO', 'humble'), ('GTK_IM_MODULE', 'ibus'), ('LOGNAME', 'robotai'), ('_', '/usr/bin/colcon'), ('ROS_VERSION', '2'), ('XDG_SESSION_CLASS', 'user'), ('TERM', 'xterm-256color'), ('GNOME_DESKTOP_SESSION_ID', 'this-is-deprecated'), ('ROS_LOCALHOST_ONLY', '1'), ('PATH', '/opt/ros/humble/bin:/usr/local/sbin:/usr/local/bin:/usr/sbin:/usr/bin:/sbin:/bin:/usr/games:/usr/local/games:/snap/bin'), ('SESSION_MANAGER', 'local/V-2204-HPLC-11:@/tmp/.ICE-unix/106689,unix/V-2204-HPLC-11:/tmp/.ICE-unix/106689'), ('XDG_MENU_PREFIX', 'gnome-'), ('GNOME_TERMINAL_SCREEN', '/org/gnome/Terminal/screen/cc8e99d0_cb61_4841_b0aa_a428ad661c46'), ('XDG_RUNTIME_DIR', '/run/user/1002'), ('DISPLAY', ':100'), ('LANG', 'en_AU.UTF-8'), ('XDG_CURRENT_DESKTOP', 'ubuntu:GNOME'), ('XMODIFIERS', '@im=ibus'), ('XDG_SESSION_DESKTOP', 'ubuntu'), ('XAUTHORITY', '/run/user/1002/Xauthority'), ('LS_COLORS', 'rs=0:di=01;34:ln=01;36:mh=00:pi=40;33:so=01;35:do=01;35:bd=40;33;01:cd=40;33;01:or=40;31;01:mi=00:su=37;41:sg=30;43:ca=30;41:tw=30;42:ow=34;42:st=37;44:ex=01;32:*.tar=01;31:*.tgz=01;31:*.arc=01;31:*.arj=01;31:*.taz=01;31:*.lha=01;31:*.lz4=01;31:*.lzh=01;31:*.lzma=01;31:*.tlz=01;31:*.txz=01;31:*.tzo=01;31:*.t7z=01;31:*.zip=01;31:*.z=01;31:*.dz=01;31:*.gz=01;31:*.lrz=01;31:*.lz=01;31:*.lzo=01;31:*.xz=01;31:*.zst=01;31:*.tzst=01;31:*.bz2=01;31:*.bz=01;31:*.tbz=01;31:*.tbz2=01;31:*.tz=01;31:*.deb=01;31:*.rpm=01;31:*.jar=01;31:*.war=01;31:*.ear=01;31:*.sar=01;31:*.rar=01;31:*.alz=01;31:*.ace=01;31:*.zoo=01;31:*.cpio=01;31:*.7z=01;31:*.rz=01;31:*.cab=01;31:*.wim=01;31:*.swm=01;31:*.dwm=01;31:*.esd=01;31:*.jpg=01;35:*.jpeg=01;35:*.mjpg=01;35:*.mjpeg=01;35:*.gif=01;35:*.bmp=01;35:*.pbm=01;35:*.pgm=01;35:*.ppm=01;35:*.tga=01;35:*.xbm=01;35:*.xpm=01;35:*.tif=01;35:*.tiff=01;35:*.png=01;35:*.svg=01;35:*.svgz=01;35:*.mng=01;35:*.pcx=01;35:*.mov=01;35:*.mpg=01;35:*.mpeg=01;35:*.m2v=01;35:*.mkv=01;35:*.webm=01;35:*.webp=01;35:*.ogm=01;35:*.mp4=01;35:*.m4v=01;35:*.mp4v=01;35:*.vob=01;35:*.qt=01;35:*.nuv=01;35:*.wmv=01;35:*.asf=01;35:*.rm=01;35:*.rmvb=01;35:*.flc=01;35:*.avi=01;35:*.fli=01;35:*.flv=01;35:*.gl=01;35:*.dl=01;35:*.xcf=01;35:*.xwd=01;35:*.yuv=01;35:*.cgm=01;35:*.emf=01;35:*.ogv=01;35:*.ogx=01;35:*.aac=00;36:*.au=00;36:*.flac=00;36:*.m4a=00;36:*.mid=00;36:*.midi=00;36:*.mka=00;36:*.mp3=00;36:*.mpc=00;36:*.ogg=00;36:*.ra=00;36:*.wav=00;36:*.oga=00;36:*.opus=00;36:*.spx=00;36:*.xspf=00;36:'), ('GNOME_TERMINAL_SERVICE', ':1.95'), ('SSH_AGENT_LAUNCHER', 'gnome-keyring'), ('SSH_AUTH_SOCK', '/run/user/1002/keyring/ssh'), ('AMENT_PREFIX_PATH', '/opt/ros/humble'), ('SHELL', '/bin/bash'), ('QT_ACCESSIBILITY', '1'), ('NO_AT_BRIDGE', '1'), ('GDMSESSION', 'ubuntu'), ('LESSCLOSE', '/usr/bin/lesspipe %s %s'), ('GPG_AGENT_INFO', '/run/user/1002/gnupg/S.gpg-agent:0:1'), ('QT_IM_MODULE', 'ibus'), ('PWD', '/home/robotai/AutoRobots/turtlebot_virtual_lab/build/turtlebot4_ignition_gui_plugins'), ('XDG_CONFIG_DIRS', '/etc/xdg/xdg-ubuntu:/etc/xdg'), ('XDG_DATA_DIRS', '/usr/share/ubuntu:/usr/share/gnome:/usr/local/share:/usr/share:/var/lib/snapd/desktop'), ('PYTHONPATH', '/opt/ros/humble/lib/python3.10/site-packages:/opt/ros/humble/local/lib/python3.10/dist-packages'), ('COLCON', '1'), ('VTE_VERSION', '6800'), ('CMAKE_PREFIX_PATH', '/opt/ros/humble')]), 'shell': False}
[1.602071] (-) TimerEvent: {}
[1.655286] (turtlebot4_ignition_gui_plugins) StdoutLine: {'line': b'[ 16%] \x1b[34m\x1b[1mAutomatic MOC for target Turtlebot4Hmi\x1b[0m\n'}
[1.702215] (-) TimerEvent: {}
[1.802567] (-) TimerEvent: {}
[1.902924] (-) TimerEvent: {}
[2.003273] (-) TimerEvent: {}
[2.103601] (-) TimerEvent: {}
[2.203957] (-) TimerEvent: {}
[2.304326] (-) TimerEvent: {}
[2.404713] (-) TimerEvent: {}
[2.505201] (-) TimerEvent: {}
[2.605533] (-) TimerEvent: {}
[2.705897] (-) TimerEvent: {}
[2.806219] (-) TimerEvent: {}
[2.906540] (-) TimerEvent: {}
[3.006909] (-) TimerEvent: {}
[3.107253] (-) TimerEvent: {}
[3.207572] (-) TimerEvent: {}
[3.307923] (-) TimerEvent: {}
[3.408285] (-) TimerEvent: {}
[3.508639] (-) TimerEvent: {}
[3.608978] (-) TimerEvent: {}
[3.709311] (-) TimerEvent: {}
[3.809645] (-) TimerEvent: {}
[3.910209] (-) TimerEvent: {}
[3.944532] (turtlebot4_ignition_gui_plugins) StdoutLine: {'line': b'[ 16%] Built target Turtlebot4Hmi_autogen\n'}
[3.957618] (turtlebot4_ignition_gui_plugins) StdoutLine: {'line': b'[ 33%] \x1b[34m\x1b[1mGenerating qrc_Turtlebot4Hmi.cpp\x1b[0m\n'}
[4.011115] (-) TimerEvent: {}
[4.023215] (turtlebot4_ignition_gui_plugins) StdoutLine: {'line': b'[ 50%] \x1b[32mBuilding CXX object Turtlebot4Hmi/CMakeFiles/Turtlebot4Hmi.dir/Turtlebot4Hmi_autogen/mocs_compilation.cpp.o\x1b[0m\n'}
[4.023402] (turtlebot4_ignition_gui_plugins) StdoutLine: {'line': b'[ 66%] \x1b[32mBuilding CXX object Turtlebot4Hmi/CMakeFiles/Turtlebot4Hmi.dir/Turtlebot4Hmi.cc.o\x1b[0m\n'}
[4.023459] (turtlebot4_ignition_gui_plugins) StdoutLine: {'line': b'[ 83%] \x1b[32mBuilding CXX object Turtlebot4Hmi/CMakeFiles/Turtlebot4Hmi.dir/qrc_Turtlebot4Hmi.cpp.o\x1b[0m\n'}
[4.111242] (-) TimerEvent: {}
[4.211615] (-) TimerEvent: {}
[4.312080] (-) TimerEvent: {}
[4.412526] (-) TimerEvent: {}
[4.513139] (-) TimerEvent: {}
[4.613661] (-) TimerEvent: {}
[4.714324] (-) TimerEvent: {}
[4.814756] (-) TimerEvent: {}
[4.915217] (-) TimerEvent: {}
[5.015663] (-) TimerEvent: {}
[5.116141] (-) TimerEvent: {}
[5.234066] (-) TimerEvent: {}
[5.334753] (-) TimerEvent: {}
[5.435211] (-) TimerEvent: {}
[5.535628] (-) TimerEvent: {}
[5.636115] (-) TimerEvent: {}
[5.736539] (-) TimerEvent: {}
[5.836967] (-) TimerEvent: {}
[5.937391] (-) TimerEvent: {}
[6.037801] (-) TimerEvent: {}
[6.138273] (-) TimerEvent: {}
[6.238707] (-) TimerEvent: {}
[6.339220] (-) TimerEvent: {}
[6.439695] (-) TimerEvent: {}
[6.540243] (-) TimerEvent: {}
[6.640792] (-) TimerEvent: {}
[6.741270] (-) TimerEvent: {}
[6.841700] (-) TimerEvent: {}
[6.942155] (-) TimerEvent: {}
[7.042599] (-) TimerEvent: {}
[7.143160] (-) TimerEvent: {}
[7.243646] (-) TimerEvent: {}
[7.344133] (-) TimerEvent: {}
[7.444575] (-) TimerEvent: {}
[7.545322] (-) TimerEvent: {}
[7.645782] (-) TimerEvent: {}
[7.746298] (-) TimerEvent: {}
[7.846897] (-) TimerEvent: {}
[7.947410] (-) TimerEvent: {}
[8.047914] (-) TimerEvent: {}
[8.148371] (-) TimerEvent: {}
[8.249562] (-) TimerEvent: {}
[8.350006] (-) TimerEvent: {}
[8.450468] (-) TimerEvent: {}
[8.550964] (-) TimerEvent: {}
[8.651413] (-) TimerEvent: {}
[8.751934] (-) TimerEvent: {}
[8.852383] (-) TimerEvent: {}
[8.952794] (-) TimerEvent: {}
[9.053282] (-) TimerEvent: {}
[9.153783] (-) TimerEvent: {}
[9.254406] (-) TimerEvent: {}
[9.354962] (-) TimerEvent: {}
[9.455425] (-) TimerEvent: {}
[9.555862] (-) TimerEvent: {}
[9.656461] (-) TimerEvent: {}
[9.756937] (-) TimerEvent: {}
[9.857413] (-) TimerEvent: {}
[9.957897] (-) TimerEvent: {}
[10.058349] (-) TimerEvent: {}
[10.158948] (-) TimerEvent: {}
[10.259483] (-) TimerEvent: {}
[10.359974] (-) TimerEvent: {}
[10.460409] (-) TimerEvent: {}
[10.560842] (-) TimerEvent: {}
[10.661338] (-) TimerEvent: {}
[10.761945] (-) TimerEvent: {}
[10.862343] (-) TimerEvent: {}
[10.962771] (-) TimerEvent: {}
[11.063210] (-) TimerEvent: {}
[11.163631] (-) TimerEvent: {}
[11.264162] (-) TimerEvent: {}
[11.364565] (-) TimerEvent: {}
[11.464998] (-) TimerEvent: {}
[11.565432] (-) TimerEvent: {}
[11.665929] (-) TimerEvent: {}
[11.766420] (-) TimerEvent: {}
[11.866854] (-) TimerEvent: {}
[11.967347] (-) TimerEvent: {}
[12.067805] (-) TimerEvent: {}
[12.168307] (-) TimerEvent: {}
[12.268779] (-) TimerEvent: {}
[12.369249] (-) TimerEvent: {}
[12.469655] (-) TimerEvent: {}
[12.570095] (-) TimerEvent: {}
[12.670484] (-) TimerEvent: {}
[12.770922] (-) TimerEvent: {}
[12.871357] (-) TimerEvent: {}
[12.971796] (-) TimerEvent: {}
[13.072297] (-) TimerEvent: {}
[13.172732] (-) TimerEvent: {}
[13.273209] (-) TimerEvent: {}
[13.373629] (-) TimerEvent: {}
[13.474047] (-) TimerEvent: {}
[13.574510] (-) TimerEvent: {}
[13.675107] (-) TimerEvent: {}
[13.775599] (-) TimerEvent: {}
[13.876143] (-) TimerEvent: {}
[13.976573] (-) TimerEvent: {}
[14.076996] (-) TimerEvent: {}
[14.177414] (-) TimerEvent: {}
[14.277852] (-) TimerEvent: {}
[14.378379] (-) TimerEvent: {}
[14.478944] (-) TimerEvent: {}
[14.579359] (-) TimerEvent: {}
[14.679798] (-) TimerEvent: {}
[14.780257] (-) TimerEvent: {}
[14.793163] (turtlebot4_ignition_gui_plugins) StdoutLine: {'line': b'[100%] \x1b[32m\x1b[1mLinking CXX shared library libTurtlebot4Hmi.so\x1b[0m\n'}
[14.880405] (-) TimerEvent: {}
[14.980844] (-) TimerEvent: {}
[15.081307] (-) TimerEvent: {}
[15.181739] (-) TimerEvent: {}
[15.282300] (-) TimerEvent: {}
[15.382751] (-) TimerEvent: {}
[15.483213] (-) TimerEvent: {}
[15.583769] (-) TimerEvent: {}
[15.626063] (turtlebot4_ignition_gui_plugins) StdoutLine: {'line': b'[100%] Built target Turtlebot4Hmi\n'}
[15.640849] (turtlebot4_ignition_gui_plugins) CommandEnded: {'returncode': 0}
[15.641857] (turtlebot4_ignition_gui_plugins) JobProgress: {'identifier': 'turtlebot4_ignition_gui_plugins', 'progress': 'install'}
[15.652564] (turtlebot4_ignition_gui_plugins) Command: {'cmd': ['/usr/bin/cmake', '--install', '/home/robotai/AutoRobots/turtlebot_virtual_lab/build/turtlebot4_ignition_gui_plugins'], 'cwd': '/home/robotai/AutoRobots/turtlebot_virtual_lab/build/turtlebot4_ignition_gui_plugins', 'env': OrderedDict([('LESSOPEN', '| /usr/bin/lesspipe %s'), ('LANGUAGE', 'en_AU:en'), ('USER', 'robotai'), ('XDG_SESSION_TYPE', 'x11'), ('SHLVL', '1'), ('LD_LIBRARY_PATH', '/opt/ros/humble/opt/rviz_ogre_vendor/lib:/opt/ros/humble/lib/x86_64-linux-gnu:/opt/ros/humble/lib'), ('HOME', '/home/robotai'), ('OLDPWD', '/home/robotai/AutoRobots'), ('DESKTOP_SESSION', 'ubuntu'), ('ROS_PYTHON_VERSION', '3'), ('GNOME_SHELL_SESSION_MODE', 'ubuntu'), ('GTK_MODULES', 'gail:atk-bridge'), ('SYSTEMD_EXEC_PID', '106719'), ('DBUS_SESSION_BUS_ADDRESS', 'unix:path=/run/user/1002/bus'), ('COLORTERM', 'truecolor'), ('ROS_DISTRO', 'humble'), ('GTK_IM_MODULE', 'ibus'), ('LOGNAME', 'robotai'), ('_', '/usr/bin/colcon'), ('ROS_VERSION', '2'), ('XDG_SESSION_CLASS', 'user'), ('TERM', 'xterm-256color'), ('GNOME_DESKTOP_SESSION_ID', 'this-is-deprecated'), ('ROS_LOCALHOST_ONLY', '1'), ('PATH', '/opt/ros/humble/bin:/usr/local/sbin:/usr/local/bin:/usr/sbin:/usr/bin:/sbin:/bin:/usr/games:/usr/local/games:/snap/bin'), ('SESSION_MANAGER', 'local/V-2204-HPLC-11:@/tmp/.ICE-unix/106689,unix/V-2204-HPLC-11:/tmp/.ICE-unix/106689'), ('XDG_MENU_PREFIX', 'gnome-'), ('GNOME_TERMINAL_SCREEN', '/org/gnome/Terminal/screen/cc8e99d0_cb61_4841_b0aa_a428ad661c46'), ('XDG_RUNTIME_DIR', '/run/user/1002'), ('DISPLAY', ':100'), ('LANG', 'en_AU.UTF-8'), ('XDG_CURRENT_DESKTOP', 'ubuntu:GNOME'), ('XMODIFIERS', '@im=ibus'), ('XDG_SESSION_DESKTOP', 'ubuntu'), ('XAUTHORITY', '/run/user/1002/Xauthority'), ('LS_COLORS', 'rs=0:di=01;34:ln=01;36:mh=00:pi=40;33:so=01;35:do=01;35:bd=40;33;01:cd=40;33;01:or=40;31;01:mi=00:su=37;41:sg=30;43:ca=30;41:tw=30;42:ow=34;42:st=37;44:ex=01;32:*.tar=01;31:*.tgz=01;31:*.arc=01;31:*.arj=01;31:*.taz=01;31:*.lha=01;31:*.lz4=01;31:*.lzh=01;31:*.lzma=01;31:*.tlz=01;31:*.txz=01;31:*.tzo=01;31:*.t7z=01;31:*.zip=01;31:*.z=01;31:*.dz=01;31:*.gz=01;31:*.lrz=01;31:*.lz=01;31:*.lzo=01;31:*.xz=01;31:*.zst=01;31:*.tzst=01;31:*.bz2=01;31:*.bz=01;31:*.tbz=01;31:*.tbz2=01;31:*.tz=01;31:*.deb=01;31:*.rpm=01;31:*.jar=01;31:*.war=01;31:*.ear=01;31:*.sar=01;31:*.rar=01;31:*.alz=01;31:*.ace=01;31:*.zoo=01;31:*.cpio=01;31:*.7z=01;31:*.rz=01;31:*.cab=01;31:*.wim=01;31:*.swm=01;31:*.dwm=01;31:*.esd=01;31:*.jpg=01;35:*.jpeg=01;35:*.mjpg=01;35:*.mjpeg=01;35:*.gif=01;35:*.bmp=01;35:*.pbm=01;35:*.pgm=01;35:*.ppm=01;35:*.tga=01;35:*.xbm=01;35:*.xpm=01;35:*.tif=01;35:*.tiff=01;35:*.png=01;35:*.svg=01;35:*.svgz=01;35:*.mng=01;35:*.pcx=01;35:*.mov=01;35:*.mpg=01;35:*.mpeg=01;35:*.m2v=01;35:*.mkv=01;35:*.webm=01;35:*.webp=01;35:*.ogm=01;35:*.mp4=01;35:*.m4v=01;35:*.mp4v=01;35:*.vob=01;35:*.qt=01;35:*.nuv=01;35:*.wmv=01;35:*.asf=01;35:*.rm=01;35:*.rmvb=01;35:*.flc=01;35:*.avi=01;35:*.fli=01;35:*.flv=01;35:*.gl=01;35:*.dl=01;35:*.xcf=01;35:*.xwd=01;35:*.yuv=01;35:*.cgm=01;35:*.emf=01;35:*.ogv=01;35:*.ogx=01;35:*.aac=00;36:*.au=00;36:*.flac=00;36:*.m4a=00;36:*.mid=00;36:*.midi=00;36:*.mka=00;36:*.mp3=00;36:*.mpc=00;36:*.ogg=00;36:*.ra=00;36:*.wav=00;36:*.oga=00;36:*.opus=00;36:*.spx=00;36:*.xspf=00;36:'), ('GNOME_TERMINAL_SERVICE', ':1.95'), ('SSH_AGENT_LAUNCHER', 'gnome-keyring'), ('SSH_AUTH_SOCK', '/run/user/1002/keyring/ssh'), ('AMENT_PREFIX_PATH', '/opt/ros/humble'), ('SHELL', '/bin/bash'), ('QT_ACCESSIBILITY', '1'), ('NO_AT_BRIDGE', '1'), ('GDMSESSION', 'ubuntu'), ('LESSCLOSE', '/usr/bin/lesspipe %s %s'), ('GPG_AGENT_INFO', '/run/user/1002/gnupg/S.gpg-agent:0:1'), ('QT_IM_MODULE', 'ibus'), ('PWD', '/home/robotai/AutoRobots/turtlebot_virtual_lab/build/turtlebot4_ignition_gui_plugins'), ('XDG_CONFIG_DIRS', '/etc/xdg/xdg-ubuntu:/etc/xdg'), ('XDG_DATA_DIRS', '/usr/share/ubuntu:/usr/share/gnome:/usr/local/share:/usr/share:/var/lib/snapd/desktop'), ('PYTHONPATH', '/opt/ros/humble/lib/python3.10/site-packages:/opt/ros/humble/local/lib/python3.10/dist-packages'), ('COLCON', '1'), ('VTE_VERSION', '6800'), ('CMAKE_PREFIX_PATH', '/opt/ros/humble')]), 'shell': False}
[15.661526] (turtlebot4_ignition_gui_plugins) StdoutLine: {'line': b'-- Install configuration: ""\n'}
[15.661802] (turtlebot4_ignition_gui_plugins) StdoutLine: {'line': b'-- Installing: /home/robotai/AutoRobots/turtlebot_virtual_lab/install/turtlebot4_ignition_gui_plugins/share/ament_index/resource_index/package_run_dependencies/turtlebot4_ignition_gui_plugins\n'}
[15.662163] (turtlebot4_ignition_gui_plugins) StdoutLine: {'line': b'-- Installing: /home/robotai/AutoRobots/turtlebot_virtual_lab/install/turtlebot4_ignition_gui_plugins/share/ament_index/resource_index/parent_prefix_path/turtlebot4_ignition_gui_plugins\n'}
[15.673022] (turtlebot4_ignition_gui_plugins) StdoutLine: {'line': b'-- Installing: /home/robotai/AutoRobots/turtlebot_virtual_lab/install/turtlebot4_ignition_gui_plugins/share/turtlebot4_ignition_gui_plugins/environment/ament_prefix_path.sh\n'}
[15.673286] (turtlebot4_ignition_gui_plugins) StdoutLine: {'line': b'-- Installing: /home/robotai/AutoRobots/turtlebot_virtual_lab/install/turtlebot4_ignition_gui_plugins/share/turtlebot4_ignition_gui_plugins/environment/ament_prefix_path.dsv\n'}
[15.673445] (turtlebot4_ignition_gui_plugins) StdoutLine: {'line': b'-- Installing: /home/robotai/AutoRobots/turtlebot_virtual_lab/install/turtlebot4_ignition_gui_plugins/share/turtlebot4_ignition_gui_plugins/environment/path.sh\n'}
[15.673554] (turtlebot4_ignition_gui_plugins) StdoutLine: {'line': b'-- Installing: /home/robotai/AutoRobots/turtlebot_virtual_lab/install/turtlebot4_ignition_gui_plugins/share/turtlebot4_ignition_gui_plugins/environment/path.dsv\n'}
[15.673921] (turtlebot4_ignition_gui_plugins) StdoutLine: {'line': b'-- Installing: /home/robotai/AutoRobots/turtlebot_virtual_lab/install/turtlebot4_ignition_gui_plugins/share/turtlebot4_ignition_gui_plugins/local_setup.bash\n'}
[15.674011] (turtlebot4_ignition_gui_plugins) StdoutLine: {'line': b'-- Installing: /home/robotai/AutoRobots/turtlebot_virtual_lab/install/turtlebot4_ignition_gui_plugins/share/turtlebot4_ignition_gui_plugins/local_setup.sh\n'}
[15.674059] (turtlebot4_ignition_gui_plugins) StdoutLine: {'line': b'-- Installing: /home/robotai/AutoRobots/turtlebot_virtual_lab/install/turtlebot4_ignition_gui_plugins/share/turtlebot4_ignition_gui_plugins/local_setup.zsh\n'}
[15.674166] (turtlebot4_ignition_gui_plugins) StdoutLine: {'line': b'-- Installing: /home/robotai/AutoRobots/turtlebot_virtual_lab/install/turtlebot4_ignition_gui_plugins/share/turtlebot4_ignition_gui_plugins/local_setup.dsv\n'}
[15.674221] (turtlebot4_ignition_gui_plugins) StdoutLine: {'line': b'-- Installing: /home/robotai/AutoRobots/turtlebot_virtual_lab/install/turtlebot4_ignition_gui_plugins/share/turtlebot4_ignition_gui_plugins/package.dsv\n'}
[15.675090] (turtlebot4_ignition_gui_plugins) StdoutLine: {'line': b'-- Installing: /home/robotai/AutoRobots/turtlebot_virtual_lab/install/turtlebot4_ignition_gui_plugins/share/ament_index/resource_index/packages/turtlebot4_ignition_gui_plugins\n'}
[15.675207] (turtlebot4_ignition_gui_plugins) StdoutLine: {'line': b'-- Installing: /home/robotai/AutoRobots/turtlebot_virtual_lab/install/turtlebot4_ignition_gui_plugins/share/turtlebot4_ignition_gui_plugins/cmake/turtlebot4_ignition_gui_pluginsConfig.cmake\n'}
[15.675269] (turtlebot4_ignition_gui_plugins) StdoutLine: {'line': b'-- Installing: /home/robotai/AutoRobots/turtlebot_virtual_lab/install/turtlebot4_ignition_gui_plugins/share/turtlebot4_ignition_gui_plugins/cmake/turtlebot4_ignition_gui_pluginsConfig-version.cmake\n'}
[15.675320] (turtlebot4_ignition_gui_plugins) StdoutLine: {'line': b'-- Installing: /home/robotai/AutoRobots/turtlebot_virtual_lab/install/turtlebot4_ignition_gui_plugins/share/turtlebot4_ignition_gui_plugins/package.xml\n'}
[15.675366] (turtlebot4_ignition_gui_plugins) StdoutLine: {'line': b'-- Installing: /home/robotai/AutoRobots/turtlebot_virtual_lab/install/turtlebot4_ignition_gui_plugins/share/turtlebot4_ignition_gui_plugins/lib/libTurtlebot4Hmi.so\n'}
[15.680962] (turtlebot4_ignition_gui_plugins) CommandEnded: {'returncode': 0}
[15.683840] (-) TimerEvent: {}
[15.744086] (turtlebot4_ignition_gui_plugins) JobEnded: {'identifier': 'turtlebot4_ignition_gui_plugins', 'rc': 0}
[15.784013] (-) TimerEvent: {}
[15.810680] (turtlebot4_ignition_toolbox) StdoutLine: {'line': b'[ 60%] \x1b[32m\x1b[1mLinking CXX static library libturtlebot4_ignition_toolbox_lib.a\x1b[0m\n'}
[15.884184] (-) TimerEvent: {}
[15.984589] (-) TimerEvent: {}
[16.084987] (-) TimerEvent: {}
[16.156825] (turtlebot4_ignition_toolbox) StdoutLine: {'line': b'[ 60%] Built target turtlebot4_ignition_toolbox_lib\n'}
[16.182283] (turtlebot4_ignition_toolbox) StdoutLine: {'line': b'[ 80%] \x1b[32mBuilding CXX object CMakeFiles/turtlebot4_ignition_hmi_node.dir/src/hmi_main.cpp.o\x1b[0m\n'}
[16.185103] (-) TimerEvent: {}
[16.285481] (-) TimerEvent: {}
[16.385934] (-) TimerEvent: {}
[16.486347] (-) TimerEvent: {}
[16.586935] (-) TimerEvent: {}
[16.687389] (-) TimerEvent: {}
[16.787856] (-) TimerEvent: {}
[16.888342] (-) TimerEvent: {}
[16.988765] (-) TimerEvent: {}
[17.089223] (-) TimerEvent: {}
[17.189637] (-) TimerEvent: {}
[17.290048] (-) TimerEvent: {}
[17.390465] (-) TimerEvent: {}
[17.490955] (-) TimerEvent: {}
[17.591409] (-) TimerEvent: {}
[17.691811] (-) TimerEvent: {}
[17.792272] (-) TimerEvent: {}
[17.892683] (-) TimerEvent: {}
[17.993119] (-) TimerEvent: {}
[18.093540] (-) TimerEvent: {}
[18.193970] (-) TimerEvent: {}
[18.294453] (-) TimerEvent: {}
[18.394913] (-) TimerEvent: {}
[18.495644] (-) TimerEvent: {}
[18.596460] (-) TimerEvent: {}
[18.696984] (-) TimerEvent: {}
[18.797477] (-) TimerEvent: {}
[18.897926] (-) TimerEvent: {}
[18.998364] (-) TimerEvent: {}
[19.098813] (-) TimerEvent: {}
[19.199400] (-) TimerEvent: {}
[19.300011] (-) TimerEvent: {}
[19.400528] (-) TimerEvent: {}
[19.500995] (-) TimerEvent: {}
[19.601479] (-) TimerEvent: {}
[19.701989] (-) TimerEvent: {}
[19.802448] (-) TimerEvent: {}
[19.902965] (-) TimerEvent: {}
[20.003455] (-) TimerEvent: {}
[20.104057] (-) TimerEvent: {}
[20.204599] (-) TimerEvent: {}
[20.305140] (-) TimerEvent: {}
[20.405638] (-) TimerEvent: {}
[20.506143] (-) TimerEvent: {}
[20.545065] (turtlebot4_ignition_toolbox) StdoutLine: {'line': b'[100%] \x1b[32m\x1b[1mLinking CXX executable turtlebot4_ignition_hmi_node\x1b[0m\n'}
[20.606328] (-) TimerEvent: {}
[20.706827] (-) TimerEvent: {}
[20.807307] (-) TimerEvent: {}
[20.907841] (-) TimerEvent: {}
[21.008313] (-) TimerEvent: {}
[21.108758] (-) TimerEvent: {}
[21.219795] (-) TimerEvent: {}
[21.320279] (-) TimerEvent: {}
[21.420739] (-) TimerEvent: {}
[21.521221] (-) TimerEvent: {}
[21.621632] (-) TimerEvent: {}
[21.639248] (turtlebot4_ignition_toolbox) StdoutLine: {'line': b'[100%] Built target turtlebot4_ignition_hmi_node\n'}
[21.662479] (turtlebot4_ignition_toolbox) CommandEnded: {'returncode': 0}
[21.663595] (turtlebot4_ignition_toolbox) JobProgress: {'identifier': 'turtlebot4_ignition_toolbox', 'progress': 'install'}
[21.664340] (turtlebot4_ignition_toolbox) Command: {'cmd': ['/usr/bin/cmake', '--install', '/home/robotai/AutoRobots/turtlebot_virtual_lab/build/turtlebot4_ignition_toolbox'], 'cwd': '/home/robotai/AutoRobots/turtlebot_virtual_lab/build/turtlebot4_ignition_toolbox', 'env': OrderedDict([('LESSOPEN', '| /usr/bin/lesspipe %s'), ('LANGUAGE', 'en_AU:en'), ('USER', 'robotai'), ('XDG_SESSION_TYPE', 'x11'), ('SHLVL', '1'), ('LD_LIBRARY_PATH', '/opt/ros/humble/opt/rviz_ogre_vendor/lib:/opt/ros/humble/lib/x86_64-linux-gnu:/opt/ros/humble/lib'), ('HOME', '/home/robotai'), ('OLDPWD', '/home/robotai/AutoRobots'), ('DESKTOP_SESSION', 'ubuntu'), ('ROS_PYTHON_VERSION', '3'), ('GNOME_SHELL_SESSION_MODE', 'ubuntu'), ('GTK_MODULES', 'gail:atk-bridge'), ('SYSTEMD_EXEC_PID', '106719'), ('DBUS_SESSION_BUS_ADDRESS', 'unix:path=/run/user/1002/bus'), ('COLORTERM', 'truecolor'), ('ROS_DISTRO', 'humble'), ('GTK_IM_MODULE', 'ibus'), ('LOGNAME', 'robotai'), ('_', '/usr/bin/colcon'), ('ROS_VERSION', '2'), ('XDG_SESSION_CLASS', 'user'), ('TERM', 'xterm-256color'), ('GNOME_DESKTOP_SESSION_ID', 'this-is-deprecated'), ('ROS_LOCALHOST_ONLY', '1'), ('PATH', '/opt/ros/humble/bin:/usr/local/sbin:/usr/local/bin:/usr/sbin:/usr/bin:/sbin:/bin:/usr/games:/usr/local/games:/snap/bin'), ('SESSION_MANAGER', 'local/V-2204-HPLC-11:@/tmp/.ICE-unix/106689,unix/V-2204-HPLC-11:/tmp/.ICE-unix/106689'), ('XDG_MENU_PREFIX', 'gnome-'), ('GNOME_TERMINAL_SCREEN', '/org/gnome/Terminal/screen/cc8e99d0_cb61_4841_b0aa_a428ad661c46'), ('XDG_RUNTIME_DIR', '/run/user/1002'), ('DISPLAY', ':100'), ('LANG', 'en_AU.UTF-8'), ('XDG_CURRENT_DESKTOP', 'ubuntu:GNOME'), ('XMODIFIERS', '@im=ibus'), ('XDG_SESSION_DESKTOP', 'ubuntu'), ('XAUTHORITY', '/run/user/1002/Xauthority'), ('LS_COLORS', 'rs=0:di=01;34:ln=01;36:mh=00:pi=40;33:so=01;35:do=01;35:bd=40;33;01:cd=40;33;01:or=40;31;01:mi=00:su=37;41:sg=30;43:ca=30;41:tw=30;42:ow=34;42:st=37;44:ex=01;32:*.tar=01;31:*.tgz=01;31:*.arc=01;31:*.arj=01;31:*.taz=01;31:*.lha=01;31:*.lz4=01;31:*.lzh=01;31:*.lzma=01;31:*.tlz=01;31:*.txz=01;31:*.tzo=01;31:*.t7z=01;31:*.zip=01;31:*.z=01;31:*.dz=01;31:*.gz=01;31:*.lrz=01;31:*.lz=01;31:*.lzo=01;31:*.xz=01;31:*.zst=01;31:*.tzst=01;31:*.bz2=01;31:*.bz=01;31:*.tbz=01;31:*.tbz2=01;31:*.tz=01;31:*.deb=01;31:*.rpm=01;31:*.jar=01;31:*.war=01;31:*.ear=01;31:*.sar=01;31:*.rar=01;31:*.alz=01;31:*.ace=01;31:*.zoo=01;31:*.cpio=01;31:*.7z=01;31:*.rz=01;31:*.cab=01;31:*.wim=01;31:*.swm=01;31:*.dwm=01;31:*.esd=01;31:*.jpg=01;35:*.jpeg=01;35:*.mjpg=01;35:*.mjpeg=01;35:*.gif=01;35:*.bmp=01;35:*.pbm=01;35:*.pgm=01;35:*.ppm=01;35:*.tga=01;35:*.xbm=01;35:*.xpm=01;35:*.tif=01;35:*.tiff=01;35:*.png=01;35:*.svg=01;35:*.svgz=01;35:*.mng=01;35:*.pcx=01;35:*.mov=01;35:*.mpg=01;35:*.mpeg=01;35:*.m2v=01;35:*.mkv=01;35:*.webm=01;35:*.webp=01;35:*.ogm=01;35:*.mp4=01;35:*.m4v=01;35:*.mp4v=01;35:*.vob=01;35:*.qt=01;35:*.nuv=01;35:*.wmv=01;35:*.asf=01;35:*.rm=01;35:*.rmvb=01;35:*.flc=01;35:*.avi=01;35:*.fli=01;35:*.flv=01;35:*.gl=01;35:*.dl=01;35:*.xcf=01;35:*.xwd=01;35:*.yuv=01;35:*.cgm=01;35:*.emf=01;35:*.ogv=01;35:*.ogx=01;35:*.aac=00;36:*.au=00;36:*.flac=00;36:*.m4a=00;36:*.mid=00;36:*.midi=00;36:*.mka=00;36:*.mp3=00;36:*.mpc=00;36:*.ogg=00;36:*.ra=00;36:*.wav=00;36:*.oga=00;36:*.opus=00;36:*.spx=00;36:*.xspf=00;36:'), ('GNOME_TERMINAL_SERVICE', ':1.95'), ('SSH_AGENT_LAUNCHER', 'gnome-keyring'), ('SSH_AUTH_SOCK', '/run/user/1002/keyring/ssh'), ('AMENT_PREFIX_PATH', '/opt/ros/humble'), ('SHELL', '/bin/bash'), ('QT_ACCESSIBILITY', '1'), ('NO_AT_BRIDGE', '1'), ('GDMSESSION', 'ubuntu'), ('LESSCLOSE', '/usr/bin/lesspipe %s %s'), ('GPG_AGENT_INFO', '/run/user/1002/gnupg/S.gpg-agent:0:1'), ('QT_IM_MODULE', 'ibus'), ('PWD', '/home/robotai/AutoRobots/turtlebot_virtual_lab/build/turtlebot4_ignition_toolbox'), ('XDG_CONFIG_DIRS', '/etc/xdg/xdg-ubuntu:/etc/xdg'), ('XDG_DATA_DIRS', '/usr/share/ubuntu:/usr/share/gnome:/usr/local/share:/usr/share:/var/lib/snapd/desktop'), ('PYTHONPATH', '/opt/ros/humble/lib/python3.10/site-packages:/opt/ros/humble/local/lib/python3.10/dist-packages'), ('COLCON', '1'), ('VTE_VERSION', '6800'), ('CMAKE_PREFIX_PATH', '/opt/ros/humble')]), 'shell': False}
[21.674215] (turtlebot4_ignition_toolbox) StdoutLine: {'line': b'-- Install configuration: ""\n'}
[21.674469] (turtlebot4_ignition_toolbox) StdoutLine: {'line': b'-- Installing: /home/robotai/AutoRobots/turtlebot_virtual_lab/install/turtlebot4_ignition_toolbox/lib/turtlebot4_ignition_toolbox/turtlebot4_ignition_hmi_node\n'}
[21.679422] (turtlebot4_ignition_toolbox) StdoutLine: {'line': b'-- Set runtime path of "/home/robotai/AutoRobots/turtlebot_virtual_lab/install/turtlebot4_ignition_toolbox/lib/turtlebot4_ignition_toolbox/turtlebot4_ignition_hmi_node" to ""\n'}
[21.679641] (turtlebot4_ignition_toolbox) StdoutLine: {'line': b'-- Installing: /home/robotai/AutoRobots/turtlebot_virtual_lab/install/turtlebot4_ignition_toolbox/share/ament_index/resource_index/package_run_dependencies/turtlebot4_ignition_toolbox\n'}
[21.679961] (turtlebot4_ignition_toolbox) StdoutLine: {'line': b'-- Installing: /home/robotai/AutoRobots/turtlebot_virtual_lab/install/turtlebot4_ignition_toolbox/share/ament_index/resource_index/parent_prefix_path/turtlebot4_ignition_toolbox\n'}
[21.680077] (turtlebot4_ignition_toolbox) StdoutLine: {'line': b'-- Installing: /home/robotai/AutoRobots/turtlebot_virtual_lab/install/turtlebot4_ignition_toolbox/share/turtlebot4_ignition_toolbox/environment/ament_prefix_path.sh\n'}
[21.680606] (turtlebot4_ignition_toolbox) StdoutLine: {'line': b'-- Installing: /home/robotai/AutoRobots/turtlebot_virtual_lab/install/turtlebot4_ignition_toolbox/share/turtlebot4_ignition_toolbox/environment/ament_prefix_path.dsv\n'}
[21.681074] (turtlebot4_ignition_toolbox) StdoutLine: {'line': b'-- Installing: /home/robotai/AutoRobots/turtlebot_virtual_lab/install/turtlebot4_ignition_toolbox/share/turtlebot4_ignition_toolbox/environment/path.sh\n'}
[21.681281] (turtlebot4_ignition_toolbox) StdoutLine: {'line': b'-- Installing: /home/robotai/AutoRobots/turtlebot_virtual_lab/install/turtlebot4_ignition_toolbox/share/turtlebot4_ignition_toolbox/environment/path.dsv\n'}
[21.681715] (turtlebot4_ignition_toolbox) StdoutLine: {'line': b'-- Installing: /home/robotai/AutoRobots/turtlebot_virtual_lab/install/turtlebot4_ignition_toolbox/share/turtlebot4_ignition_toolbox/local_setup.bash\n'}
[21.681788] (turtlebot4_ignition_toolbox) StdoutLine: {'line': b'-- Installing: /home/robotai/AutoRobots/turtlebot_virtual_lab/install/turtlebot4_ignition_toolbox/share/turtlebot4_ignition_toolbox/local_setup.sh\n'}
[21.681849] (turtlebot4_ignition_toolbox) StdoutLine: {'line': b'-- Installing: /home/robotai/AutoRobots/turtlebot_virtual_lab/install/turtlebot4_ignition_toolbox/share/turtlebot4_ignition_toolbox/local_setup.zsh\n'}
[21.681921] (turtlebot4_ignition_toolbox) StdoutLine: {'line': b'-- Installing: /home/robotai/AutoRobots/turtlebot_virtual_lab/install/turtlebot4_ignition_toolbox/share/turtlebot4_ignition_toolbox/local_setup.dsv\n'}
[21.681974] (turtlebot4_ignition_toolbox) StdoutLine: {'line': b'-- Installing: /home/robotai/AutoRobots/turtlebot_virtual_lab/install/turtlebot4_ignition_toolbox/share/turtlebot4_ignition_toolbox/package.dsv\n'}
[21.682019] (turtlebot4_ignition_toolbox) StdoutLine: {'line': b'-- Installing: /home/robotai/AutoRobots/turtlebot_virtual_lab/install/turtlebot4_ignition_toolbox/share/ament_index/resource_index/packages/turtlebot4_ignition_toolbox\n'}
[21.682065] (turtlebot4_ignition_toolbox) StdoutLine: {'line': b'-- Installing: /home/robotai/AutoRobots/turtlebot_virtual_lab/install/turtlebot4_ignition_toolbox/share/turtlebot4_ignition_toolbox/cmake/ament_cmake_export_include_directories-extras.cmake\n'}
[21.682116] (turtlebot4_ignition_toolbox) StdoutLine: {'line': b'-- Installing: /home/robotai/AutoRobots/turtlebot_virtual_lab/install/turtlebot4_ignition_toolbox/share/turtlebot4_ignition_toolbox/cmake/turtlebot4_ignition_toolboxConfig.cmake\n'}
[21.682170] (turtlebot4_ignition_toolbox) StdoutLine: {'line': b'-- Installing: /home/robotai/AutoRobots/turtlebot_virtual_lab/install/turtlebot4_ignition_toolbox/share/turtlebot4_ignition_toolbox/cmake/turtlebot4_ignition_toolboxConfig-version.cmake\n'}
[21.682893] (turtlebot4_ignition_toolbox) StdoutLine: {'line': b'-- Installing: /home/robotai/AutoRobots/turtlebot_virtual_lab/install/turtlebot4_ignition_toolbox/share/turtlebot4_ignition_toolbox/package.xml\n'}
[21.685946] (turtlebot4_ignition_toolbox) CommandEnded: {'returncode': 0}
[21.697938] (turtlebot4_ignition_toolbox) JobEnded: {'identifier': 'turtlebot4_ignition_toolbox', 'rc': 0}
[21.698699] (turtlebot4_ignition_bringup) JobStarted: {'identifier': 'turtlebot4_ignition_bringup'}
[21.711129] (turtlebot4_ignition_bringup) JobProgress: {'identifier': 'turtlebot4_ignition_bringup', 'progress': 'cmake'}
[21.712109] (turtlebot4_ignition_bringup) Command: {'cmd': ['/usr/bin/cmake', '/home/robotai/AutoRobots/turtlebot_virtual_lab/src/turtlebot4_simulator/turtlebot4_ignition_bringup', '-DCMAKE_INSTALL_PREFIX=/home/robotai/AutoRobots/turtlebot_virtual_lab/install/turtlebot4_ignition_bringup'], 'cwd': '/home/robotai/AutoRobots/turtlebot_virtual_lab/build/turtlebot4_ignition_bringup', 'env': OrderedDict([('LESSOPEN', '| /usr/bin/lesspipe %s'), ('LANGUAGE', 'en_AU:en'), ('USER', 'robotai'), ('XDG_SESSION_TYPE', 'x11'), ('SHLVL', '1'), ('LD_LIBRARY_PATH', '/opt/ros/humble/opt/rviz_ogre_vendor/lib:/opt/ros/humble/lib/x86_64-linux-gnu:/opt/ros/humble/lib'), ('HOME', '/home/robotai'), ('OLDPWD', '/home/robotai/AutoRobots'), ('DESKTOP_SESSION', 'ubuntu'), ('ROS_PYTHON_VERSION', '3'), ('GNOME_SHELL_SESSION_MODE', 'ubuntu'), ('GTK_MODULES', 'gail:atk-bridge'), ('SYSTEMD_EXEC_PID', '106719'), ('DBUS_SESSION_BUS_ADDRESS', 'unix:path=/run/user/1002/bus'), ('COLORTERM', 'truecolor'), ('ROS_DISTRO', 'humble'), ('GTK_IM_MODULE', 'ibus'), ('LOGNAME', 'robotai'), ('_', '/usr/bin/colcon'), ('ROS_VERSION', '2'), ('XDG_SESSION_CLASS', 'user'), ('TERM', 'xterm-256color'), ('GNOME_DESKTOP_SESSION_ID', 'this-is-deprecated'), ('ROS_LOCALHOST_ONLY', '1'), ('PATH', '/opt/ros/humble/bin:/usr/local/sbin:/usr/local/bin:/usr/sbin:/usr/bin:/sbin:/bin:/usr/games:/usr/local/games:/snap/bin'), ('SESSION_MANAGER', 'local/V-2204-HPLC-11:@/tmp/.ICE-unix/106689,unix/V-2204-HPLC-11:/tmp/.ICE-unix/106689'), ('XDG_MENU_PREFIX', 'gnome-'), ('GNOME_TERMINAL_SCREEN', '/org/gnome/Terminal/screen/cc8e99d0_cb61_4841_b0aa_a428ad661c46'), ('XDG_RUNTIME_DIR', '/run/user/1002'), ('DISPLAY', ':100'), ('LANG', 'en_AU.UTF-8'), ('XDG_CURRENT_DESKTOP', 'ubuntu:GNOME'), ('XMODIFIERS', '@im=ibus'), ('XDG_SESSION_DESKTOP', 'ubuntu'), ('XAUTHORITY', '/run/user/1002/Xauthority'), ('LS_COLORS', 'rs=0:di=01;34:ln=01;36:mh=00:pi=40;33:so=01;35:do=01;35:bd=40;33;01:cd=40;33;01:or=40;31;01:mi=00:su=37;41:sg=30;43:ca=30;41:tw=30;42:ow=34;42:st=37;44:ex=01;32:*.tar=01;31:*.tgz=01;31:*.arc=01;31:*.arj=01;31:*.taz=01;31:*.lha=01;31:*.lz4=01;31:*.lzh=01;31:*.lzma=01;31:*.tlz=01;31:*.txz=01;31:*.tzo=01;31:*.t7z=01;31:*.zip=01;31:*.z=01;31:*.dz=01;31:*.gz=01;31:*.lrz=01;31:*.lz=01;31:*.lzo=01;31:*.xz=01;31:*.zst=01;31:*.tzst=01;31:*.bz2=01;31:*.bz=01;31:*.tbz=01;31:*.tbz2=01;31:*.tz=01;31:*.deb=01;31:*.rpm=01;31:*.jar=01;31:*.war=01;31:*.ear=01;31:*.sar=01;31:*.rar=01;31:*.alz=01;31:*.ace=01;31:*.zoo=01;31:*.cpio=01;31:*.7z=01;31:*.rz=01;31:*.cab=01;31:*.wim=01;31:*.swm=01;31:*.dwm=01;31:*.esd=01;31:*.jpg=01;35:*.jpeg=01;35:*.mjpg=01;35:*.mjpeg=01;35:*.gif=01;35:*.bmp=01;35:*.pbm=01;35:*.pgm=01;35:*.ppm=01;35:*.tga=01;35:*.xbm=01;35:*.xpm=01;35:*.tif=01;35:*.tiff=01;35:*.png=01;35:*.svg=01;35:*.svgz=01;35:*.mng=01;35:*.pcx=01;35:*.mov=01;35:*.mpg=01;35:*.mpeg=01;35:*.m2v=01;35:*.mkv=01;35:*.webm=01;35:*.webp=01;35:*.ogm=01;35:*.mp4=01;35:*.m4v=01;35:*.mp4v=01;35:*.vob=01;35:*.qt=01;35:*.nuv=01;35:*.wmv=01;35:*.asf=01;35:*.rm=01;35:*.rmvb=01;35:*.flc=01;35:*.avi=01;35:*.fli=01;35:*.flv=01;35:*.gl=01;35:*.dl=01;35:*.xcf=01;35:*.xwd=01;35:*.yuv=01;35:*.cgm=01;35:*.emf=01;35:*.ogv=01;35:*.ogx=01;35:*.aac=00;36:*.au=00;36:*.flac=00;36:*.m4a=00;36:*.mid=00;36:*.midi=00;36:*.mka=00;36:*.mp3=00;36:*.mpc=00;36:*.ogg=00;36:*.ra=00;36:*.wav=00;36:*.oga=00;36:*.opus=00;36:*.spx=00;36:*.xspf=00;36:'), ('GNOME_TERMINAL_SERVICE', ':1.95'), ('SSH_AGENT_LAUNCHER', 'gnome-keyring'), ('SSH_AUTH_SOCK', '/run/user/1002/keyring/ssh'), ('AMENT_PREFIX_PATH', '/home/robotai/AutoRobots/turtlebot_virtual_lab/install/turtlebot4_ignition_toolbox:/home/robotai/AutoRobots/turtlebot_virtual_lab/install/turtlebot4_ignition_gui_plugins:/opt/ros/humble'), ('SHELL', '/bin/bash'), ('QT_ACCESSIBILITY', '1'), ('NO_AT_BRIDGE', '1'), ('GDMSESSION', 'ubuntu'), ('LESSCLOSE', '/usr/bin/lesspipe %s %s'), ('GPG_AGENT_INFO', '/run/user/1002/gnupg/S.gpg-agent:0:1'), ('QT_IM_MODULE', 'ibus'), ('PWD', '/home/robotai/AutoRobots/turtlebot_virtual_lab/build/turtlebot4_ignition_bringup'), ('XDG_CONFIG_DIRS', '/etc/xdg/xdg-ubuntu:/etc/xdg'), ('XDG_DATA_DIRS', '/usr/share/ubuntu:/usr/share/gnome:/usr/local/share:/usr/share:/var/lib/snapd/desktop'), ('PYTHONPATH', '/opt/ros/humble/lib/python3.10/site-packages:/opt/ros/humble/local/lib/python3.10/dist-packages'), ('COLCON', '1'), ('VTE_VERSION', '6800'), ('CMAKE_PREFIX_PATH', '/home/robotai/AutoRobots/turtlebot_virtual_lab/install/turtlebot4_ignition_toolbox:/home/robotai/AutoRobots/turtlebot_virtual_lab/install/turtlebot4_ignition_gui_plugins:/opt/ros/humble')]), 'shell': False}
[21.721717] (-) TimerEvent: {}
[21.822079] (-) TimerEvent: {}
[21.871404] (turtlebot4_ignition_bringup) StdoutLine: {'line': b'-- The C compiler identification is GNU 12.3.0\n'}
[21.922221] (-) TimerEvent: {}
[21.940181] (turtlebot4_ignition_bringup) StdoutLine: {'line': b'-- The CXX compiler identification is GNU 12.3.0\n'}
[21.947992] (turtlebot4_ignition_bringup) StdoutLine: {'line': b'-- Detecting C compiler ABI info\n'}
[22.022363] (-) TimerEvent: {}
[22.035638] (turtlebot4_ignition_bringup) StdoutLine: {'line': b'-- Detecting C compiler ABI info - done\n'}
[22.043550] (turtlebot4_ignition_bringup) StdoutLine: {'line': b'-- Check for working C compiler: /usr/bin/cc - skipped\n'}
[22.043832] (turtlebot4_ignition_bringup) StdoutLine: {'line': b'-- Detecting C compile features\n'}
[22.044014] (turtlebot4_ignition_bringup) StdoutLine: {'line': b'-- Detecting C compile features - done\n'}
[22.047054] (turtlebot4_ignition_bringup) StdoutLine: {'line': b'-- Detecting CXX compiler ABI info\n'}
[22.122510] (-) TimerEvent: {}
[22.145347] (turtlebot4_ignition_bringup) StdoutLine: {'line': b'-- Detecting CXX compiler ABI info - done\n'}
[22.152712] (turtlebot4_ignition_bringup) StdoutLine: {'line': b'-- Check for working CXX compiler: /usr/bin/c++ - skipped\n'}
[22.152979] (turtlebot4_ignition_bringup) StdoutLine: {'line': b'-- Detecting CXX compile features\n'}
[22.153405] (turtlebot4_ignition_bringup) StdoutLine: {'line': b'-- Detecting CXX compile features - done\n'}
[22.192297] (turtlebot4_ignition_bringup) StdoutLine: {'line': b'-- Found ament_cmake: 1.3.14 (/opt/ros/humble/share/ament_cmake/cmake)\n'}
[22.222759] (-) TimerEvent: {}
[22.323231] (-) TimerEvent: {}
[22.423699] (-) TimerEvent: {}
[22.472212] (turtlebot4_ignition_bringup) StdoutLine: {'line': b'-- Found Python3: /usr/bin/python3 (found version "3.10.12") found components: Interpreter \n'}
[22.523850] (-) TimerEvent: {}
[22.624282] (-) TimerEvent: {}
[22.651335] (turtlebot4_ignition_bringup) StdoutLine: {'line': b'-- Found ros_ign_interfaces: 0.244.25 (/opt/ros/humble/share/ros_ign_interfaces/cmake)\n'}
[22.724454] (-) TimerEvent: {}
[22.791245] (turtlebot4_ignition_bringup) StdoutLine: {'line': b'-- Found rosidl_generator_c: 3.1.9 (/opt/ros/humble/share/rosidl_generator_c/cmake)\n'}
[22.803501] (turtlebot4_ignition_bringup) StdoutLine: {'line': b'-- Found rosidl_adapter: 3.1.9 (/opt/ros/humble/share/rosidl_adapter/cmake)\n'}
[22.824619] (-) TimerEvent: {}
[22.825538] (turtlebot4_ignition_bringup) StdoutLine: {'line': b'-- Found rosidl_generator_cpp: 3.1.9 (/opt/ros/humble/share/rosidl_generator_cpp/cmake)\n'}
[22.861724] (turtlebot4_ignition_bringup) StdoutLine: {'line': b'-- Using all available rosidl_typesupport_c: rosidl_typesupport_fastrtps_c;rosidl_typesupport_introspection_c\n'}
[22.895595] (turtlebot4_ignition_bringup) StdoutLine: {'line': b'-- Using all available rosidl_typesupport_cpp: rosidl_typesupport_fastrtps_cpp;rosidl_typesupport_introspection_cpp\n'}
[22.924817] (-) TimerEvent: {}
[23.025279] (-) TimerEvent: {}
[23.110678] (turtlebot4_ignition_bringup) StdoutLine: {'line': b'-- Found ament_lint_auto: 0.12.15 (/opt/ros/humble/share/ament_lint_auto/cmake)\n'}
[23.125421] (-) TimerEvent: {}
[23.224677] (turtlebot4_ignition_bringup) StdoutLine: {'line': b"-- Added test 'copyright' to check source files copyright and LICENSE\n"}
[23.225502] (-) TimerEvent: {}
[23.227776] (turtlebot4_ignition_bringup) StdoutLine: {'line': b"-- Added test 'flake8' to check Python code syntax and style conventions\n"}
[23.228478] (turtlebot4_ignition_bringup) StdoutLine: {'line': b"-- Added test 'lint_cmake' to check CMake code style\n"}
[23.228968] (turtlebot4_ignition_bringup) StdoutLine: {'line': b"-- Added test 'pep257' to check Python code against some of the docstring style conventions in PEP 257\n"}
[23.235460] (turtlebot4_ignition_bringup) StdoutLine: {'line': b"-- Added test 'xmllint' to check XML markup files\n"}
[23.237552] (turtlebot4_ignition_bringup) StdoutLine: {'line': b'-- Configuring done\n'}
[23.241641] (turtlebot4_ignition_bringup) StdoutLine: {'line': b'-- Generating done\n'}
[23.243953] (turtlebot4_ignition_bringup) StdoutLine: {'line': b'-- Build files have been written to: /home/robotai/AutoRobots/turtlebot_virtual_lab/build/turtlebot4_ignition_bringup\n'}
[23.255385] (turtlebot4_ignition_bringup) CommandEnded: {'returncode': 0}
[23.256491] (turtlebot4_ignition_bringup) JobProgress: {'identifier': 'turtlebot4_ignition_bringup', 'progress': 'build'}
[23.256529] (turtlebot4_ignition_bringup) Command: {'cmd': ['/usr/bin/cmake', '--build', '/home/robotai/AutoRobots/turtlebot_virtual_lab/build/turtlebot4_ignition_bringup', '--', '-j6', '-l6'], 'cwd': '/home/robotai/AutoRobots/turtlebot_virtual_lab/build/turtlebot4_ignition_bringup', 'env': OrderedDict([('LESSOPEN', '| /usr/bin/lesspipe %s'), ('LANGUAGE', 'en_AU:en'), ('USER', 'robotai'), ('XDG_SESSION_TYPE', 'x11'), ('SHLVL', '1'), ('LD_LIBRARY_PATH', '/opt/ros/humble/opt/rviz_ogre_vendor/lib:/opt/ros/humble/lib/x86_64-linux-gnu:/opt/ros/humble/lib'), ('HOME', '/home/robotai'), ('OLDPWD', '/home/robotai/AutoRobots'), ('DESKTOP_SESSION', 'ubuntu'), ('ROS_PYTHON_VERSION', '3'), ('GNOME_SHELL_SESSION_MODE', 'ubuntu'), ('GTK_MODULES', 'gail:atk-bridge'), ('SYSTEMD_EXEC_PID', '106719'), ('DBUS_SESSION_BUS_ADDRESS', 'unix:path=/run/user/1002/bus'), ('COLORTERM', 'truecolor'), ('ROS_DISTRO', 'humble'), ('GTK_IM_MODULE', 'ibus'), ('LOGNAME', 'robotai'), ('_', '/usr/bin/colcon'), ('ROS_VERSION', '2'), ('XDG_SESSION_CLASS', 'user'), ('TERM', 'xterm-256color'), ('GNOME_DESKTOP_SESSION_ID', 'this-is-deprecated'), ('ROS_LOCALHOST_ONLY', '1'), ('PATH', '/opt/ros/humble/bin:/usr/local/sbin:/usr/local/bin:/usr/sbin:/usr/bin:/sbin:/bin:/usr/games:/usr/local/games:/snap/bin'), ('SESSION_MANAGER', 'local/V-2204-HPLC-11:@/tmp/.ICE-unix/106689,unix/V-2204-HPLC-11:/tmp/.ICE-unix/106689'), ('XDG_MENU_PREFIX', 'gnome-'), ('GNOME_TERMINAL_SCREEN', '/org/gnome/Terminal/screen/cc8e99d0_cb61_4841_b0aa_a428ad661c46'), ('XDG_RUNTIME_DIR', '/run/user/1002'), ('DISPLAY', ':100'), ('LANG', 'en_AU.UTF-8'), ('XDG_CURRENT_DESKTOP', 'ubuntu:GNOME'), ('XMODIFIERS', '@im=ibus'), ('XDG_SESSION_DESKTOP', 'ubuntu'), ('XAUTHORITY', '/run/user/1002/Xauthority'), ('LS_COLORS', 'rs=0:di=01;34:ln=01;36:mh=00:pi=40;33:so=01;35:do=01;35:bd=40;33;01:cd=40;33;01:or=40;31;01:mi=00:su=37;41:sg=30;43:ca=30;41:tw=30;42:ow=34;42:st=37;44:ex=01;32:*.tar=01;31:*.tgz=01;31:*.arc=01;31:*.arj=01;31:*.taz=01;31:*.lha=01;31:*.lz4=01;31:*.lzh=01;31:*.lzma=01;31:*.tlz=01;31:*.txz=01;31:*.tzo=01;31:*.t7z=01;31:*.zip=01;31:*.z=01;31:*.dz=01;31:*.gz=01;31:*.lrz=01;31:*.lz=01;31:*.lzo=01;31:*.xz=01;31:*.zst=01;31:*.tzst=01;31:*.bz2=01;31:*.bz=01;31:*.tbz=01;31:*.tbz2=01;31:*.tz=01;31:*.deb=01;31:*.rpm=01;31:*.jar=01;31:*.war=01;31:*.ear=01;31:*.sar=01;31:*.rar=01;31:*.alz=01;31:*.ace=01;31:*.zoo=01;31:*.cpio=01;31:*.7z=01;31:*.rz=01;31:*.cab=01;31:*.wim=01;31:*.swm=01;31:*.dwm=01;31:*.esd=01;31:*.jpg=01;35:*.jpeg=01;35:*.mjpg=01;35:*.mjpeg=01;35:*.gif=01;35:*.bmp=01;35:*.pbm=01;35:*.pgm=01;35:*.ppm=01;35:*.tga=01;35:*.xbm=01;35:*.xpm=01;35:*.tif=01;35:*.tiff=01;35:*.png=01;35:*.svg=01;35:*.svgz=01;35:*.mng=01;35:*.pcx=01;35:*.mov=01;35:*.mpg=01;35:*.mpeg=01;35:*.m2v=01;35:*.mkv=01;35:*.webm=01;35:*.webp=01;35:*.ogm=01;35:*.mp4=01;35:*.m4v=01;35:*.mp4v=01;35:*.vob=01;35:*.qt=01;35:*.nuv=01;35:*.wmv=01;35:*.asf=01;35:*.rm=01;35:*.rmvb=01;35:*.flc=01;35:*.avi=01;35:*.fli=01;35:*.flv=01;35:*.gl=01;35:*.dl=01;35:*.xcf=01;35:*.xwd=01;35:*.yuv=01;35:*.cgm=01;35:*.emf=01;35:*.ogv=01;35:*.ogx=01;35:*.aac=00;36:*.au=00;36:*.flac=00;36:*.m4a=00;36:*.mid=00;36:*.midi=00;36:*.mka=00;36:*.mp3=00;36:*.mpc=00;36:*.ogg=00;36:*.ra=00;36:*.wav=00;36:*.oga=00;36:*.opus=00;36:*.spx=00;36:*.xspf=00;36:'), ('GNOME_TERMINAL_SERVICE', ':1.95'), ('SSH_AGENT_LAUNCHER', 'gnome-keyring'), ('SSH_AUTH_SOCK', '/run/user/1002/keyring/ssh'), ('AMENT_PREFIX_PATH', '/home/robotai/AutoRobots/turtlebot_virtual_lab/install/turtlebot4_ignition_toolbox:/home/robotai/AutoRobots/turtlebot_virtual_lab/install/turtlebot4_ignition_gui_plugins:/opt/ros/humble'), ('SHELL', '/bin/bash'), ('QT_ACCESSIBILITY', '1'), ('NO_AT_BRIDGE', '1'), ('GDMSESSION', 'ubuntu'), ('LESSCLOSE', '/usr/bin/lesspipe %s %s'), ('GPG_AGENT_INFO', '/run/user/1002/gnupg/S.gpg-agent:0:1'), ('QT_IM_MODULE', 'ibus'), ('PWD', '/home/robotai/AutoRobots/turtlebot_virtual_lab/build/turtlebot4_ignition_bringup'), ('XDG_CONFIG_DIRS', '/etc/xdg/xdg-ubuntu:/etc/xdg'), ('XDG_DATA_DIRS', '/usr/share/ubuntu:/usr/share/gnome:/usr/local/share:/usr/share:/var/lib/snapd/desktop'), ('PYTHONPATH', '/opt/ros/humble/lib/python3.10/site-packages:/opt/ros/humble/local/lib/python3.10/dist-packages'), ('COLCON', '1'), ('VTE_VERSION', '6800'), ('CMAKE_PREFIX_PATH', '/home/robotai/AutoRobots/turtlebot_virtual_lab/install/turtlebot4_ignition_toolbox:/home/robotai/AutoRobots/turtlebot_virtual_lab/install/turtlebot4_ignition_gui_plugins:/opt/ros/humble')]), 'shell': False}
[23.304248] (turtlebot4_ignition_bringup) CommandEnded: {'returncode': 0}
[23.305147] (turtlebot4_ignition_bringup) JobProgress: {'identifier': 'turtlebot4_ignition_bringup', 'progress': 'install'}
[23.306059] (turtlebot4_ignition_bringup) Command: {'cmd': ['/usr/bin/cmake', '--install', '/home/robotai/AutoRobots/turtlebot_virtual_lab/build/turtlebot4_ignition_bringup'], 'cwd': '/home/robotai/AutoRobots/turtlebot_virtual_lab/build/turtlebot4_ignition_bringup', 'env': OrderedDict([('LESSOPEN', '| /usr/bin/lesspipe %s'), ('LANGUAGE', 'en_AU:en'), ('USER', 'robotai'), ('XDG_SESSION_TYPE', 'x11'), ('SHLVL', '1'), ('LD_LIBRARY_PATH', '/opt/ros/humble/opt/rviz_ogre_vendor/lib:/opt/ros/humble/lib/x86_64-linux-gnu:/opt/ros/humble/lib'), ('HOME', '/home/robotai'), ('OLDPWD', '/home/robotai/AutoRobots'), ('DESKTOP_SESSION', 'ubuntu'), ('ROS_PYTHON_VERSION', '3'), ('GNOME_SHELL_SESSION_MODE', 'ubuntu'), ('GTK_MODULES', 'gail:atk-bridge'), ('SYSTEMD_EXEC_PID', '106719'), ('DBUS_SESSION_BUS_ADDRESS', 'unix:path=/run/user/1002/bus'), ('COLORTERM', 'truecolor'), ('ROS_DISTRO', 'humble'), ('GTK_IM_MODULE', 'ibus'), ('LOGNAME', 'robotai'), ('_', '/usr/bin/colcon'), ('ROS_VERSION', '2'), ('XDG_SESSION_CLASS', 'user'), ('TERM', 'xterm-256color'), ('GNOME_DESKTOP_SESSION_ID', 'this-is-deprecated'), ('ROS_LOCALHOST_ONLY', '1'), ('PATH', '/opt/ros/humble/bin:/usr/local/sbin:/usr/local/bin:/usr/sbin:/usr/bin:/sbin:/bin:/usr/games:/usr/local/games:/snap/bin'), ('SESSION_MANAGER', 'local/V-2204-HPLC-11:@/tmp/.ICE-unix/106689,unix/V-2204-HPLC-11:/tmp/.ICE-unix/106689'), ('XDG_MENU_PREFIX', 'gnome-'), ('GNOME_TERMINAL_SCREEN', '/org/gnome/Terminal/screen/cc8e99d0_cb61_4841_b0aa_a428ad661c46'), ('XDG_RUNTIME_DIR', '/run/user/1002'), ('DISPLAY', ':100'), ('LANG', 'en_AU.UTF-8'), ('XDG_CURRENT_DESKTOP', 'ubuntu:GNOME'), ('XMODIFIERS', '@im=ibus'), ('XDG_SESSION_DESKTOP', 'ubuntu'), ('XAUTHORITY', '/run/user/1002/Xauthority'), ('LS_COLORS', 'rs=0:di=01;34:ln=01;36:mh=00:pi=40;33:so=01;35:do=01;35:bd=40;33;01:cd=40;33;01:or=40;31;01:mi=00:su=37;41:sg=30;43:ca=30;41:tw=30;42:ow=34;42:st=37;44:ex=01;32:*.tar=01;31:*.tgz=01;31:*.arc=01;31:*.arj=01;31:*.taz=01;31:*.lha=01;31:*.lz4=01;31:*.lzh=01;31:*.lzma=01;31:*.tlz=01;31:*.txz=01;31:*.tzo=01;31:*.t7z=01;31:*.zip=01;31:*.z=01;31:*.dz=01;31:*.gz=01;31:*.lrz=01;31:*.lz=01;31:*.lzo=01;31:*.xz=01;31:*.zst=01;31:*.tzst=01;31:*.bz2=01;31:*.bz=01;31:*.tbz=01;31:*.tbz2=01;31:*.tz=01;31:*.deb=01;31:*.rpm=01;31:*.jar=01;31:*.war=01;31:*.ear=01;31:*.sar=01;31:*.rar=01;31:*.alz=01;31:*.ace=01;31:*.zoo=01;31:*.cpio=01;31:*.7z=01;31:*.rz=01;31:*.cab=01;31:*.wim=01;31:*.swm=01;31:*.dwm=01;31:*.esd=01;31:*.jpg=01;35:*.jpeg=01;35:*.mjpg=01;35:*.mjpeg=01;35:*.gif=01;35:*.bmp=01;35:*.pbm=01;35:*.pgm=01;35:*.ppm=01;35:*.tga=01;35:*.xbm=01;35:*.xpm=01;35:*.tif=01;35:*.tiff=01;35:*.png=01;35:*.svg=01;35:*.svgz=01;35:*.mng=01;35:*.pcx=01;35:*.mov=01;35:*.mpg=01;35:*.mpeg=01;35:*.m2v=01;35:*.mkv=01;35:*.webm=01;35:*.webp=01;35:*.ogm=01;35:*.mp4=01;35:*.m4v=01;35:*.mp4v=01;35:*.vob=01;35:*.qt=01;35:*.nuv=01;35:*.wmv=01;35:*.asf=01;35:*.rm=01;35:*.rmvb=01;35:*.flc=01;35:*.avi=01;35:*.fli=01;35:*.flv=01;35:*.gl=01;35:*.dl=01;35:*.xcf=01;35:*.xwd=01;35:*.yuv=01;35:*.cgm=01;35:*.emf=01;35:*.ogv=01;35:*.ogx=01;35:*.aac=00;36:*.au=00;36:*.flac=00;36:*.m4a=00;36:*.mid=00;36:*.midi=00;36:*.mka=00;36:*.mp3=00;36:*.mpc=00;36:*.ogg=00;36:*.ra=00;36:*.wav=00;36:*.oga=00;36:*.opus=00;36:*.spx=00;36:*.xspf=00;36:'), ('GNOME_TERMINAL_SERVICE', ':1.95'), ('SSH_AGENT_LAUNCHER', 'gnome-keyring'), ('SSH_AUTH_SOCK', '/run/user/1002/keyring/ssh'), ('AMENT_PREFIX_PATH', '/home/robotai/AutoRobots/turtlebot_virtual_lab/install/turtlebot4_ignition_toolbox:/home/robotai/AutoRobots/turtlebot_virtual_lab/install/turtlebot4_ignition_gui_plugins:/opt/ros/humble'), ('SHELL', '/bin/bash'), ('QT_ACCESSIBILITY', '1'), ('NO_AT_BRIDGE', '1'), ('GDMSESSION', 'ubuntu'), ('LESSCLOSE', '/usr/bin/lesspipe %s %s'), ('GPG_AGENT_INFO', '/run/user/1002/gnupg/S.gpg-agent:0:1'), ('QT_IM_MODULE', 'ibus'), ('PWD', '/home/robotai/AutoRobots/turtlebot_virtual_lab/build/turtlebot4_ignition_bringup'), ('XDG_CONFIG_DIRS', '/etc/xdg/xdg-ubuntu:/etc/xdg'), ('XDG_DATA_DIRS', '/usr/share/ubuntu:/usr/share/gnome:/usr/local/share:/usr/share:/var/lib/snapd/desktop'), ('PYTHONPATH', '/opt/ros/humble/lib/python3.10/site-packages:/opt/ros/humble/local/lib/python3.10/dist-packages'), ('COLCON', '1'), ('VTE_VERSION', '6800'), ('CMAKE_PREFIX_PATH', '/home/robotai/AutoRobots/turtlebot_virtual_lab/install/turtlebot4_ignition_toolbox:/home/robotai/AutoRobots/turtlebot_virtual_lab/install/turtlebot4_ignition_gui_plugins:/opt/ros/humble')]), 'shell': False}
[23.314454] (turtlebot4_ignition_bringup) StdoutLine: {'line': b'-- Install configuration: ""\n'}
[23.314641] (turtlebot4_ignition_bringup) StdoutLine: {'line': b'-- Installing: /home/robotai/AutoRobots/turtlebot_virtual_lab/install/turtlebot4_ignition_bringup/share/turtlebot4_ignition_bringup/config\n'}
[23.315942] (turtlebot4_ignition_bringup) StdoutLine: {'line': b'-- Installing: /home/robotai/AutoRobots/turtlebot_virtual_lab/install/turtlebot4_ignition_bringup/share/turtlebot4_ignition_bringup/config/turtlebot4_node.yaml\n'}
[23.316072] (turtlebot4_ignition_bringup) StdoutLine: {'line': b'-- Installing: /home/robotai/AutoRobots/turtlebot_virtual_lab/install/turtlebot4_ignition_bringup/share/turtlebot4_ignition_bringup/gui\n'}
[23.316170] (turtlebot4_ignition_bringup) StdoutLine: {'line': b'-- Installing: /home/robotai/AutoRobots/turtlebot_virtual_lab/install/turtlebot4_ignition_bringup/share/turtlebot4_ignition_bringup/gui/standard\n'}
[23.316221] (turtlebot4_ignition_bringup) StdoutLine: {'line': b'-- Installing: /home/robotai/AutoRobots/turtlebot_virtual_lab/install/turtlebot4_ignition_bringup/share/turtlebot4_ignition_bringup/gui/standard/gui.config\n'}
[23.316337] (turtlebot4_ignition_bringup) StdoutLine: {'line': b'-- Installing: /home/robotai/AutoRobots/turtlebot_virtual_lab/install/turtlebot4_ignition_bringup/share/turtlebot4_ignition_bringup/gui/lite\n'}
[23.316415] (turtlebot4_ignition_bringup) StdoutLine: {'line': b'-- Installing: /home/robotai/AutoRobots/turtlebot_virtual_lab/install/turtlebot4_ignition_bringup/share/turtlebot4_ignition_bringup/gui/lite/gui.config\n'}
[23.316522] (turtlebot4_ignition_bringup) StdoutLine: {'line': b'-- Installing: /home/robotai/AutoRobots/turtlebot_virtual_lab/install/turtlebot4_ignition_bringup/share/turtlebot4_ignition_bringup/launch\n'}
[23.316571] (turtlebot4_ignition_bringup) StdoutLine: {'line': b'-- Installing: /home/robotai/AutoRobots/turtlebot_virtual_lab/install/turtlebot4_ignition_bringup/share/turtlebot4_ignition_bringup/launch/turtlebot4_nodes.launch.py\n'}
[23.316636] (turtlebot4_ignition_bringup) StdoutLine: {'line': b'-- Installing: /home/robotai/AutoRobots/turtlebot_virtual_lab/install/turtlebot4_ignition_bringup/share/turtlebot4_ignition_bringup/launch/turtlebot4_spawn.launch.py\n'}
[23.316738] (turtlebot4_ignition_bringup) StdoutLine: {'line': b'-- Installing: /home/robotai/AutoRobots/turtlebot_virtual_lab/install/turtlebot4_ignition_bringup/share/turtlebot4_ignition_bringup/launch/ros_ign_bridge.launch.py\n'}
[23.316786] (turtlebot4_ignition_bringup) StdoutLine: {'line': b'-- Installing: /home/robotai/AutoRobots/turtlebot_virtual_lab/install/turtlebot4_ignition_bringup/share/turtlebot4_ignition_bringup/launch/ignition.launch.py\n'}
[23.316847] (turtlebot4_ignition_bringup) StdoutLine: {'line': b'-- Installing: /home/robotai/AutoRobots/turtlebot_virtual_lab/install/turtlebot4_ignition_bringup/share/turtlebot4_ignition_bringup/launch/turtlebot4_ignition.launch.py\n'}
[23.316961] (turtlebot4_ignition_bringup) StdoutLine: {'line': b'-- Installing: /home/robotai/AutoRobots/turtlebot_virtual_lab/install/turtlebot4_ignition_bringup/share/turtlebot4_ignition_bringup/worlds\n'}
[23.317059] (turtlebot4_ignition_bringup) StdoutLine: {'line': b'-- Installing: /home/robotai/AutoRobots/turtlebot_virtual_lab/install/turtlebot4_ignition_bringup/share/turtlebot4_ignition_bringup/worlds/office_world.sdf\n'}
[23.317165] (turtlebot4_ignition_bringup) StdoutLine: {'line': b'-- Installing: /home/robotai/AutoRobots/turtlebot_virtual_lab/install/turtlebot4_ignition_bringup/share/turtlebot4_ignition_bringup/worlds/depot.sdf\n'}
[23.317246] (turtlebot4_ignition_bringup) StdoutLine: {'line': b'-- Installing: /home/robotai/AutoRobots/turtlebot_virtual_lab/install/turtlebot4_ignition_bringup/share/turtlebot4_ignition_bringup/worlds/warehouse.sdf\n'}
[23.317311] (turtlebot4_ignition_bringup) StdoutLine: {'line': b'-- Installing: /home/robotai/AutoRobots/turtlebot_virtual_lab/install/turtlebot4_ignition_bringup/share/turtlebot4_ignition_bringup/worlds/office_wall\n'}
[23.317394] (turtlebot4_ignition_bringup) StdoutLine: {'line': b'-- Installing: /home/robotai/AutoRobots/turtlebot_virtual_lab/install/turtlebot4_ignition_bringup/share/turtlebot4_ignition_bringup/worlds/office_wall/model.sdf\n'}
[23.317486] (turtlebot4_ignition_bringup) StdoutLine: {'line': b'-- Installing: /home/robotai/AutoRobots/turtlebot_virtual_lab/install/turtlebot4_ignition_bringup/share/turtlebot4_ignition_bringup/worlds/office_wall/model.config\n'}
[23.317564] (turtlebot4_ignition_bringup) StdoutLine: {'line': b'-- Installing: /home/robotai/AutoRobots/turtlebot_virtual_lab/install/turtlebot4_ignition_bringup/share/turtlebot4_ignition_bringup/worlds/maze.sdf\n'}
[23.317949] (turtlebot4_ignition_bringup) StdoutLine: {'line': b'-- Installing: /home/robotai/AutoRobots/turtlebot_virtual_lab/install/turtlebot4_ignition_bringup/share/ament_index/resource_index/package_run_dependencies/turtlebot4_ignition_bringup\n'}
[23.318091] (turtlebot4_ignition_bringup) StdoutLine: {'line': b'-- Installing: /home/robotai/AutoRobots/turtlebot_virtual_lab/install/turtlebot4_ignition_bringup/share/ament_index/resource_index/parent_prefix_path/turtlebot4_ignition_bringup\n'}
[23.318208] (turtlebot4_ignition_bringup) StdoutLine: {'line': b'-- Installing: /home/robotai/AutoRobots/turtlebot_virtual_lab/install/turtlebot4_ignition_bringup/share/turtlebot4_ignition_bringup/environment/ament_prefix_path.sh\n'}
[23.318307] (turtlebot4_ignition_bringup) StdoutLine: {'line': b'-- Installing: /home/robotai/AutoRobots/turtlebot_virtual_lab/install/turtlebot4_ignition_bringup/share/turtlebot4_ignition_bringup/environment/ament_prefix_path.dsv\n'}
[23.318402] (turtlebot4_ignition_bringup) StdoutLine: {'line': b'-- Installing: /home/robotai/AutoRobots/turtlebot_virtual_lab/install/turtlebot4_ignition_bringup/share/turtlebot4_ignition_bringup/environment/path.sh\n'}
[23.318538] (turtlebot4_ignition_bringup) StdoutLine: {'line': b'-- Installing: /home/robotai/AutoRobots/turtlebot_virtual_lab/install/turtlebot4_ignition_bringup/share/turtlebot4_ignition_bringup/environment/path.dsv\n'}
[23.318636] (turtlebot4_ignition_bringup) StdoutLine: {'line': b'-- Installing: /home/robotai/AutoRobots/turtlebot_virtual_lab/install/turtlebot4_ignition_bringup/share/turtlebot4_ignition_bringup/local_setup.bash\n'}
[23.318731] (turtlebot4_ignition_bringup) StdoutLine: {'line': b'-- Installing: /home/robotai/AutoRobots/turtlebot_virtual_lab/install/turtlebot4_ignition_bringup/share/turtlebot4_ignition_bringup/local_setup.sh\n'}
[23.318780] (turtlebot4_ignition_bringup) StdoutLine: {'line': b'-- Installing: /home/robotai/AutoRobots/turtlebot_virtual_lab/install/turtlebot4_ignition_bringup/share/turtlebot4_ignition_bringup/local_setup.zsh\n'}
[23.318863] (turtlebot4_ignition_bringup) StdoutLine: {'line': b'-- Installing: /home/robotai/AutoRobots/turtlebot_virtual_lab/install/turtlebot4_ignition_bringup/share/turtlebot4_ignition_bringup/local_setup.dsv\n'}
[23.318983] (turtlebot4_ignition_bringup) StdoutLine: {'line': b'-- Installing: /home/robotai/AutoRobots/turtlebot_virtual_lab/install/turtlebot4_ignition_bringup/share/turtlebot4_ignition_bringup/package.dsv\n'}
[23.319112] (turtlebot4_ignition_bringup) StdoutLine: {'line': b'-- Installing: /home/robotai/AutoRobots/turtlebot_virtual_lab/install/turtlebot4_ignition_bringup/share/ament_index/resource_index/packages/turtlebot4_ignition_bringup\n'}
[23.319227] (turtlebot4_ignition_bringup) StdoutLine: {'line': b'-- Installing: /home/robotai/AutoRobots/turtlebot_virtual_lab/install/turtlebot4_ignition_bringup/share/turtlebot4_ignition_bringup/cmake/turtlebot4_ignition_bringupConfig.cmake\n'}
[23.319301] (turtlebot4_ignition_bringup) StdoutLine: {'line': b'-- Installing: /home/robotai/AutoRobots/turtlebot_virtual_lab/install/turtlebot4_ignition_bringup/share/turtlebot4_ignition_bringup/cmake/turtlebot4_ignition_bringupConfig-version.cmake\n'}
[23.319391] (turtlebot4_ignition_bringup) StdoutLine: {'line': b'-- Installing: /home/robotai/AutoRobots/turtlebot_virtual_lab/install/turtlebot4_ignition_bringup/share/turtlebot4_ignition_bringup/package.xml\n'}
[23.321504] (turtlebot4_ignition_bringup) CommandEnded: {'returncode': 0}
[23.325846] (-) TimerEvent: {}
[23.339917] (turtlebot4_ignition_bringup) JobEnded: {'identifier': 'turtlebot4_ignition_bringup', 'rc': 0}
[23.341822] (turtlebot4_simulator) JobStarted: {'identifier': 'turtlebot4_simulator'}
[23.348265] (turtlebot4_simulator) JobProgress: {'identifier': 'turtlebot4_simulator', 'progress': 'cmake'}
[23.348909] (turtlebot4_simulator) Command: {'cmd': ['/usr/bin/cmake', '/home/robotai/AutoRobots/turtlebot_virtual_lab/src/turtlebot4_simulator/turtlebot4_simulator', '-DCMAKE_INSTALL_PREFIX=/home/robotai/AutoRobots/turtlebot_virtual_lab/install/turtlebot4_simulator'], 'cwd': '/home/robotai/AutoRobots/turtlebot_virtual_lab/build/turtlebot4_simulator', 'env': OrderedDict([('LESSOPEN', '| /usr/bin/lesspipe %s'), ('LANGUAGE', 'en_AU:en'), ('USER', 'robotai'), ('XDG_SESSION_TYPE', 'x11'), ('SHLVL', '1'), ('LD_LIBRARY_PATH', '/opt/ros/humble/opt/rviz_ogre_vendor/lib:/opt/ros/humble/lib/x86_64-linux-gnu:/opt/ros/humble/lib'), ('HOME', '/home/robotai'), ('OLDPWD', '/home/robotai/AutoRobots'), ('DESKTOP_SESSION', 'ubuntu'), ('ROS_PYTHON_VERSION', '3'), ('GNOME_SHELL_SESSION_MODE', 'ubuntu'), ('GTK_MODULES', 'gail:atk-bridge'), ('SYSTEMD_EXEC_PID', '106719'), ('DBUS_SESSION_BUS_ADDRESS', 'unix:path=/run/user/1002/bus'), ('COLORTERM', 'truecolor'), ('ROS_DISTRO', 'humble'), ('GTK_IM_MODULE', 'ibus'), ('LOGNAME', 'robotai'), ('_', '/usr/bin/colcon'), ('ROS_VERSION', '2'), ('XDG_SESSION_CLASS', 'user'), ('TERM', 'xterm-256color'), ('GNOME_DESKTOP_SESSION_ID', 'this-is-deprecated'), ('ROS_LOCALHOST_ONLY', '1'), ('PATH', '/opt/ros/humble/bin:/usr/local/sbin:/usr/local/bin:/usr/sbin:/usr/bin:/sbin:/bin:/usr/games:/usr/local/games:/snap/bin'), ('SESSION_MANAGER', 'local/V-2204-HPLC-11:@/tmp/.ICE-unix/106689,unix/V-2204-HPLC-11:/tmp/.ICE-unix/106689'), ('XDG_MENU_PREFIX', 'gnome-'), ('GNOME_TERMINAL_SCREEN', '/org/gnome/Terminal/screen/cc8e99d0_cb61_4841_b0aa_a428ad661c46'), ('XDG_RUNTIME_DIR', '/run/user/1002'), ('DISPLAY', ':100'), ('LANG', 'en_AU.UTF-8'), ('XDG_CURRENT_DESKTOP', 'ubuntu:GNOME'), ('XMODIFIERS', '@im=ibus'), ('XDG_SESSION_DESKTOP', 'ubuntu'), ('XAUTHORITY', '/run/user/1002/Xauthority'), ('LS_COLORS', 'rs=0:di=01;34:ln=01;36:mh=00:pi=40;33:so=01;35:do=01;35:bd=40;33;01:cd=40;33;01:or=40;31;01:mi=00:su=37;41:sg=30;43:ca=30;41:tw=30;42:ow=34;42:st=37;44:ex=01;32:*.tar=01;31:*.tgz=01;31:*.arc=01;31:*.arj=01;31:*.taz=01;31:*.lha=01;31:*.lz4=01;31:*.lzh=01;31:*.lzma=01;31:*.tlz=01;31:*.txz=01;31:*.tzo=01;31:*.t7z=01;31:*.zip=01;31:*.z=01;31:*.dz=01;31:*.gz=01;31:*.lrz=01;31:*.lz=01;31:*.lzo=01;31:*.xz=01;31:*.zst=01;31:*.tzst=01;31:*.bz2=01;31:*.bz=01;31:*.tbz=01;31:*.tbz2=01;31:*.tz=01;31:*.deb=01;31:*.rpm=01;31:*.jar=01;31:*.war=01;31:*.ear=01;31:*.sar=01;31:*.rar=01;31:*.alz=01;31:*.ace=01;31:*.zoo=01;31:*.cpio=01;31:*.7z=01;31:*.rz=01;31:*.cab=01;31:*.wim=01;31:*.swm=01;31:*.dwm=01;31:*.esd=01;31:*.jpg=01;35:*.jpeg=01;35:*.mjpg=01;35:*.mjpeg=01;35:*.gif=01;35:*.bmp=01;35:*.pbm=01;35:*.pgm=01;35:*.ppm=01;35:*.tga=01;35:*.xbm=01;35:*.xpm=01;35:*.tif=01;35:*.tiff=01;35:*.png=01;35:*.svg=01;35:*.svgz=01;35:*.mng=01;35:*.pcx=01;35:*.mov=01;35:*.mpg=01;35:*.mpeg=01;35:*.m2v=01;35:*.mkv=01;35:*.webm=01;35:*.webp=01;35:*.ogm=01;35:*.mp4=01;35:*.m4v=01;35:*.mp4v=01;35:*.vob=01;35:*.qt=01;35:*.nuv=01;35:*.wmv=01;35:*.asf=01;35:*.rm=01;35:*.rmvb=01;35:*.flc=01;35:*.avi=01;35:*.fli=01;35:*.flv=01;35:*.gl=01;35:*.dl=01;35:*.xcf=01;35:*.xwd=01;35:*.yuv=01;35:*.cgm=01;35:*.emf=01;35:*.ogv=01;35:*.ogx=01;35:*.aac=00;36:*.au=00;36:*.flac=00;36:*.m4a=00;36:*.mid=00;36:*.midi=00;36:*.mka=00;36:*.mp3=00;36:*.mpc=00;36:*.ogg=00;36:*.ra=00;36:*.wav=00;36:*.oga=00;36:*.opus=00;36:*.spx=00;36:*.xspf=00;36:'), ('GNOME_TERMINAL_SERVICE', ':1.95'), ('SSH_AGENT_LAUNCHER', 'gnome-keyring'), ('SSH_AUTH_SOCK', '/run/user/1002/keyring/ssh'), ('AMENT_PREFIX_PATH', '/home/robotai/AutoRobots/turtlebot_virtual_lab/install/turtlebot4_ignition_bringup:/home/robotai/AutoRobots/turtlebot_virtual_lab/install/turtlebot4_ignition_toolbox:/home/robotai/AutoRobots/turtlebot_virtual_lab/install/turtlebot4_ignition_gui_plugins:/opt/ros/humble'), ('SHELL', '/bin/bash'), ('QT_ACCESSIBILITY', '1'), ('NO_AT_BRIDGE', '1'), ('GDMSESSION', 'ubuntu'), ('LESSCLOSE', '/usr/bin/lesspipe %s %s'), ('GPG_AGENT_INFO', '/run/user/1002/gnupg/S.gpg-agent:0:1'), ('QT_IM_MODULE', 'ibus'), ('PWD', '/home/robotai/AutoRobots/turtlebot_virtual_lab/build/turtlebot4_simulator'), ('XDG_CONFIG_DIRS', '/etc/xdg/xdg-ubuntu:/etc/xdg'), ('XDG_DATA_DIRS', '/usr/share/ubuntu:/usr/share/gnome:/usr/local/share:/usr/share:/var/lib/snapd/desktop'), ('PYTHONPATH', '/opt/ros/humble/lib/python3.10/site-packages:/opt/ros/humble/local/lib/python3.10/dist-packages'), ('COLCON', '1'), ('VTE_VERSION', '6800'), ('CMAKE_PREFIX_PATH', '/home/robotai/AutoRobots/turtlebot_virtual_lab/install/turtlebot4_ignition_bringup:/home/robotai/AutoRobots/turtlebot_virtual_lab/install/turtlebot4_ignition_toolbox:/home/robotai/AutoRobots/turtlebot_virtual_lab/install/turtlebot4_ignition_gui_plugins:/opt/ros/humble')]), 'shell': False}
[23.416605] (turtlebot4_simulator) StdoutLine: {'line': b'-- The C compiler identification is GNU 12.3.0\n'}
[23.426043] (-) TimerEvent: {}
[23.483360] (turtlebot4_simulator) StdoutLine: {'line': b'-- The CXX compiler identification is GNU 12.3.0\n'}
[23.490985] (turtlebot4_simulator) StdoutLine: {'line': b'-- Detecting C compiler ABI info\n'}
[23.526582] (-) TimerEvent: {}
[23.586171] (turtlebot4_simulator) StdoutLine: {'line': b'-- Detecting C compiler ABI info - done\n'}
[23.593022] (turtlebot4_simulator) StdoutLine: {'line': b'-- Check for working C compiler: /usr/bin/cc - skipped\n'}
[23.593376] (turtlebot4_simulator) StdoutLine: {'line': b'-- Detecting C compile features\n'}
[23.593485] (turtlebot4_simulator) StdoutLine: {'line': b'-- Detecting C compile features - done\n'}
[23.596407] (turtlebot4_simulator) StdoutLine: {'line': b'-- Detecting CXX compiler ABI info\n'}
[23.627987] (-) TimerEvent: {}
[23.700812] (turtlebot4_simulator) StdoutLine: {'line': b'-- Detecting CXX compiler ABI info - done\n'}
[23.707629] (turtlebot4_simulator) StdoutLine: {'line': b'-- Check for working CXX compiler: /usr/bin/c++ - skipped\n'}
[23.707899] (turtlebot4_simulator) StdoutLine: {'line': b'-- Detecting CXX compile features\n'}
[23.708255] (turtlebot4_simulator) StdoutLine: {'line': b'-- Detecting CXX compile features - done\n'}
[23.710653] (turtlebot4_simulator) StdoutLine: {'line': b'-- Found ament_cmake: 1.3.14 (/opt/ros/humble/share/ament_cmake/cmake)\n'}
[23.729377] (-) TimerEvent: {}
[23.829735] (-) TimerEvent: {}
[23.868278] (turtlebot4_simulator) StdoutLine: {'line': b'-- Found Python3: /usr/bin/python3 (found version "3.10.12") found components: Interpreter \n'}
[23.929926] (-) TimerEvent: {}
[24.029072] (turtlebot4_simulator) StdoutLine: {'line': b'-- Configuring done\n'}
[24.029612] (turtlebot4_simulator) StdoutLine: {'line': b'-- Generating done\n'}
[24.029898] (-) TimerEvent: {}
[24.031340] (turtlebot4_simulator) StdoutLine: {'line': b'-- Build files have been written to: /home/robotai/AutoRobots/turtlebot_virtual_lab/build/turtlebot4_simulator\n'}
[24.039322] (turtlebot4_simulator) CommandEnded: {'returncode': 0}
[24.040038] (turtlebot4_simulator) JobProgress: {'identifier': 'turtlebot4_simulator', 'progress': 'build'}
[24.041126] (turtlebot4_simulator) Command: {'cmd': ['/usr/bin/cmake', '--build', '/home/robotai/AutoRobots/turtlebot_virtual_lab/build/turtlebot4_simulator', '--', '-j6', '-l6'], 'cwd': '/home/robotai/AutoRobots/turtlebot_virtual_lab/build/turtlebot4_simulator', 'env': OrderedDict([('LESSOPEN', '| /usr/bin/lesspipe %s'), ('LANGUAGE', 'en_AU:en'), ('USER', 'robotai'), ('XDG_SESSION_TYPE', 'x11'), ('SHLVL', '1'), ('LD_LIBRARY_PATH', '/opt/ros/humble/opt/rviz_ogre_vendor/lib:/opt/ros/humble/lib/x86_64-linux-gnu:/opt/ros/humble/lib'), ('HOME', '/home/robotai'), ('OLDPWD', '/home/robotai/AutoRobots'), ('DESKTOP_SESSION', 'ubuntu'), ('ROS_PYTHON_VERSION', '3'), ('GNOME_SHELL_SESSION_MODE', 'ubuntu'), ('GTK_MODULES', 'gail:atk-bridge'), ('SYSTEMD_EXEC_PID', '106719'), ('DBUS_SESSION_BUS_ADDRESS', 'unix:path=/run/user/1002/bus'), ('COLORTERM', 'truecolor'), ('ROS_DISTRO', 'humble'), ('GTK_IM_MODULE', 'ibus'), ('LOGNAME', 'robotai'), ('_', '/usr/bin/colcon'), ('ROS_VERSION', '2'), ('XDG_SESSION_CLASS', 'user'), ('TERM', 'xterm-256color'), ('GNOME_DESKTOP_SESSION_ID', 'this-is-deprecated'), ('ROS_LOCALHOST_ONLY', '1'), ('PATH', '/opt/ros/humble/bin:/usr/local/sbin:/usr/local/bin:/usr/sbin:/usr/bin:/sbin:/bin:/usr/games:/usr/local/games:/snap/bin'), ('SESSION_MANAGER', 'local/V-2204-HPLC-11:@/tmp/.ICE-unix/106689,unix/V-2204-HPLC-11:/tmp/.ICE-unix/106689'), ('XDG_MENU_PREFIX', 'gnome-'), ('GNOME_TERMINAL_SCREEN', '/org/gnome/Terminal/screen/cc8e99d0_cb61_4841_b0aa_a428ad661c46'), ('XDG_RUNTIME_DIR', '/run/user/1002'), ('DISPLAY', ':100'), ('LANG', 'en_AU.UTF-8'), ('XDG_CURRENT_DESKTOP', 'ubuntu:GNOME'), ('XMODIFIERS', '@im=ibus'), ('XDG_SESSION_DESKTOP', 'ubuntu'), ('XAUTHORITY', '/run/user/1002/Xauthority'), ('LS_COLORS', 'rs=0:di=01;34:ln=01;36:mh=00:pi=40;33:so=01;35:do=01;35:bd=40;33;01:cd=40;33;01:or=40;31;01:mi=00:su=37;41:sg=30;43:ca=30;41:tw=30;42:ow=34;42:st=37;44:ex=01;32:*.tar=01;31:*.tgz=01;31:*.arc=01;31:*.arj=01;31:*.taz=01;31:*.lha=01;31:*.lz4=01;31:*.lzh=01;31:*.lzma=01;31:*.tlz=01;31:*.txz=01;31:*.tzo=01;31:*.t7z=01;31:*.zip=01;31:*.z=01;31:*.dz=01;31:*.gz=01;31:*.lrz=01;31:*.lz=01;31:*.lzo=01;31:*.xz=01;31:*.zst=01;31:*.tzst=01;31:*.bz2=01;31:*.bz=01;31:*.tbz=01;31:*.tbz2=01;31:*.tz=01;31:*.deb=01;31:*.rpm=01;31:*.jar=01;31:*.war=01;31:*.ear=01;31:*.sar=01;31:*.rar=01;31:*.alz=01;31:*.ace=01;31:*.zoo=01;31:*.cpio=01;31:*.7z=01;31:*.rz=01;31:*.cab=01;31:*.wim=01;31:*.swm=01;31:*.dwm=01;31:*.esd=01;31:*.jpg=01;35:*.jpeg=01;35:*.mjpg=01;35:*.mjpeg=01;35:*.gif=01;35:*.bmp=01;35:*.pbm=01;35:*.pgm=01;35:*.ppm=01;35:*.tga=01;35:*.xbm=01;35:*.xpm=01;35:*.tif=01;35:*.tiff=01;35:*.png=01;35:*.svg=01;35:*.svgz=01;35:*.mng=01;35:*.pcx=01;35:*.mov=01;35:*.mpg=01;35:*.mpeg=01;35:*.m2v=01;35:*.mkv=01;35:*.webm=01;35:*.webp=01;35:*.ogm=01;35:*.mp4=01;35:*.m4v=01;35:*.mp4v=01;35:*.vob=01;35:*.qt=01;35:*.nuv=01;35:*.wmv=01;35:*.asf=01;35:*.rm=01;35:*.rmvb=01;35:*.flc=01;35:*.avi=01;35:*.fli=01;35:*.flv=01;35:*.gl=01;35:*.dl=01;35:*.xcf=01;35:*.xwd=01;35:*.yuv=01;35:*.cgm=01;35:*.emf=01;35:*.ogv=01;35:*.ogx=01;35:*.aac=00;36:*.au=00;36:*.flac=00;36:*.m4a=00;36:*.mid=00;36:*.midi=00;36:*.mka=00;36:*.mp3=00;36:*.mpc=00;36:*.ogg=00;36:*.ra=00;36:*.wav=00;36:*.oga=00;36:*.opus=00;36:*.spx=00;36:*.xspf=00;36:'), ('GNOME_TERMINAL_SERVICE', ':1.95'), ('SSH_AGENT_LAUNCHER', 'gnome-keyring'), ('SSH_AUTH_SOCK', '/run/user/1002/keyring/ssh'), ('AMENT_PREFIX_PATH', '/home/robotai/AutoRobots/turtlebot_virtual_lab/install/turtlebot4_ignition_bringup:/home/robotai/AutoRobots/turtlebot_virtual_lab/install/turtlebot4_ignition_toolbox:/home/robotai/AutoRobots/turtlebot_virtual_lab/install/turtlebot4_ignition_gui_plugins:/opt/ros/humble'), ('SHELL', '/bin/bash'), ('QT_ACCESSIBILITY', '1'), ('NO_AT_BRIDGE', '1'), ('GDMSESSION', 'ubuntu'), ('LESSCLOSE', '/usr/bin/lesspipe %s %s'), ('GPG_AGENT_INFO', '/run/user/1002/gnupg/S.gpg-agent:0:1'), ('QT_IM_MODULE', 'ibus'), ('PWD', '/home/robotai/AutoRobots/turtlebot_virtual_lab/build/turtlebot4_simulator'), ('XDG_CONFIG_DIRS', '/etc/xdg/xdg-ubuntu:/etc/xdg'), ('XDG_DATA_DIRS', '/usr/share/ubuntu:/usr/share/gnome:/usr/local/share:/usr/share:/var/lib/snapd/desktop'), ('PYTHONPATH', '/opt/ros/humble/lib/python3.10/site-packages:/opt/ros/humble/local/lib/python3.10/dist-packages'), ('COLCON', '1'), ('VTE_VERSION', '6800'), ('CMAKE_PREFIX_PATH', '/home/robotai/AutoRobots/turtlebot_virtual_lab/install/turtlebot4_ignition_bringup:/home/robotai/AutoRobots/turtlebot_virtual_lab/install/turtlebot4_ignition_toolbox:/home/robotai/AutoRobots/turtlebot_virtual_lab/install/turtlebot4_ignition_gui_plugins:/opt/ros/humble')]), 'shell': False}
[24.086832] (turtlebot4_simulator) CommandEnded: {'returncode': 0}
[24.087660] (turtlebot4_simulator) JobProgress: {'identifier': 'turtlebot4_simulator', 'progress': 'install'}
[24.088073] (turtlebot4_simulator) Command: {'cmd': ['/usr/bin/cmake', '--install', '/home/robotai/AutoRobots/turtlebot_virtual_lab/build/turtlebot4_simulator'], 'cwd': '/home/robotai/AutoRobots/turtlebot_virtual_lab/build/turtlebot4_simulator', 'env': OrderedDict([('LESSOPEN', '| /usr/bin/lesspipe %s'), ('LANGUAGE', 'en_AU:en'), ('USER', 'robotai'), ('XDG_SESSION_TYPE', 'x11'), ('SHLVL', '1'), ('LD_LIBRARY_PATH', '/opt/ros/humble/opt/rviz_ogre_vendor/lib:/opt/ros/humble/lib/x86_64-linux-gnu:/opt/ros/humble/lib'), ('HOME', '/home/robotai'), ('OLDPWD', '/home/robotai/AutoRobots'), ('DESKTOP_SESSION', 'ubuntu'), ('ROS_PYTHON_VERSION', '3'), ('GNOME_SHELL_SESSION_MODE', 'ubuntu'), ('GTK_MODULES', 'gail:atk-bridge'), ('SYSTEMD_EXEC_PID', '106719'), ('DBUS_SESSION_BUS_ADDRESS', 'unix:path=/run/user/1002/bus'), ('COLORTERM', 'truecolor'), ('ROS_DISTRO', 'humble'), ('GTK_IM_MODULE', 'ibus'), ('LOGNAME', 'robotai'), ('_', '/usr/bin/colcon'), ('ROS_VERSION', '2'), ('XDG_SESSION_CLASS', 'user'), ('TERM', 'xterm-256color'), ('GNOME_DESKTOP_SESSION_ID', 'this-is-deprecated'), ('ROS_LOCALHOST_ONLY', '1'), ('PATH', '/opt/ros/humble/bin:/usr/local/sbin:/usr/local/bin:/usr/sbin:/usr/bin:/sbin:/bin:/usr/games:/usr/local/games:/snap/bin'), ('SESSION_MANAGER', 'local/V-2204-HPLC-11:@/tmp/.ICE-unix/106689,unix/V-2204-HPLC-11:/tmp/.ICE-unix/106689'), ('XDG_MENU_PREFIX', 'gnome-'), ('GNOME_TERMINAL_SCREEN', '/org/gnome/Terminal/screen/cc8e99d0_cb61_4841_b0aa_a428ad661c46'), ('XDG_RUNTIME_DIR', '/run/user/1002'), ('DISPLAY', ':100'), ('LANG', 'en_AU.UTF-8'), ('XDG_CURRENT_DESKTOP', 'ubuntu:GNOME'), ('XMODIFIERS', '@im=ibus'), ('XDG_SESSION_DESKTOP', 'ubuntu'), ('XAUTHORITY', '/run/user/1002/Xauthority'), ('LS_COLORS', 'rs=0:di=01;34:ln=01;36:mh=00:pi=40;33:so=01;35:do=01;35:bd=40;33;01:cd=40;33;01:or=40;31;01:mi=00:su=37;41:sg=30;43:ca=30;41:tw=30;42:ow=34;42:st=37;44:ex=01;32:*.tar=01;31:*.tgz=01;31:*.arc=01;31:*.arj=01;31:*.taz=01;31:*.lha=01;31:*.lz4=01;31:*.lzh=01;31:*.lzma=01;31:*.tlz=01;31:*.txz=01;31:*.tzo=01;31:*.t7z=01;31:*.zip=01;31:*.z=01;31:*.dz=01;31:*.gz=01;31:*.lrz=01;31:*.lz=01;31:*.lzo=01;31:*.xz=01;31:*.zst=01;31:*.tzst=01;31:*.bz2=01;31:*.bz=01;31:*.tbz=01;31:*.tbz2=01;31:*.tz=01;31:*.deb=01;31:*.rpm=01;31:*.jar=01;31:*.war=01;31:*.ear=01;31:*.sar=01;31:*.rar=01;31:*.alz=01;31:*.ace=01;31:*.zoo=01;31:*.cpio=01;31:*.7z=01;31:*.rz=01;31:*.cab=01;31:*.wim=01;31:*.swm=01;31:*.dwm=01;31:*.esd=01;31:*.jpg=01;35:*.jpeg=01;35:*.mjpg=01;35:*.mjpeg=01;35:*.gif=01;35:*.bmp=01;35:*.pbm=01;35:*.pgm=01;35:*.ppm=01;35:*.tga=01;35:*.xbm=01;35:*.xpm=01;35:*.tif=01;35:*.tiff=01;35:*.png=01;35:*.svg=01;35:*.svgz=01;35:*.mng=01;35:*.pcx=01;35:*.mov=01;35:*.mpg=01;35:*.mpeg=01;35:*.m2v=01;35:*.mkv=01;35:*.webm=01;35:*.webp=01;35:*.ogm=01;35:*.mp4=01;35:*.m4v=01;35:*.mp4v=01;35:*.vob=01;35:*.qt=01;35:*.nuv=01;35:*.wmv=01;35:*.asf=01;35:*.rm=01;35:*.rmvb=01;35:*.flc=01;35:*.avi=01;35:*.fli=01;35:*.flv=01;35:*.gl=01;35:*.dl=01;35:*.xcf=01;35:*.xwd=01;35:*.yuv=01;35:*.cgm=01;35:*.emf=01;35:*.ogv=01;35:*.ogx=01;35:*.aac=00;36:*.au=00;36:*.flac=00;36:*.m4a=00;36:*.mid=00;36:*.midi=00;36:*.mka=00;36:*.mp3=00;36:*.mpc=00;36:*.ogg=00;36:*.ra=00;36:*.wav=00;36:*.oga=00;36:*.opus=00;36:*.spx=00;36:*.xspf=00;36:'), ('GNOME_TERMINAL_SERVICE', ':1.95'), ('SSH_AGENT_LAUNCHER', 'gnome-keyring'), ('SSH_AUTH_SOCK', '/run/user/1002/keyring/ssh'), ('AMENT_PREFIX_PATH', '/home/robotai/AutoRobots/turtlebot_virtual_lab/install/turtlebot4_ignition_bringup:/home/robotai/AutoRobots/turtlebot_virtual_lab/install/turtlebot4_ignition_toolbox:/home/robotai/AutoRobots/turtlebot_virtual_lab/install/turtlebot4_ignition_gui_plugins:/opt/ros/humble'), ('SHELL', '/bin/bash'), ('QT_ACCESSIBILITY', '1'), ('NO_AT_BRIDGE', '1'), ('GDMSESSION', 'ubuntu'), ('LESSCLOSE', '/usr/bin/lesspipe %s %s'), ('GPG_AGENT_INFO', '/run/user/1002/gnupg/S.gpg-agent:0:1'), ('QT_IM_MODULE', 'ibus'), ('PWD', '/home/robotai/AutoRobots/turtlebot_virtual_lab/build/turtlebot4_simulator'), ('XDG_CONFIG_DIRS', '/etc/xdg/xdg-ubuntu:/etc/xdg'), ('XDG_DATA_DIRS', '/usr/share/ubuntu:/usr/share/gnome:/usr/local/share:/usr/share:/var/lib/snapd/desktop'), ('PYTHONPATH', '/opt/ros/humble/lib/python3.10/site-packages:/opt/ros/humble/local/lib/python3.10/dist-packages'), ('COLCON', '1'), ('VTE_VERSION', '6800'), ('CMAKE_PREFIX_PATH', '/home/robotai/AutoRobots/turtlebot_virtual_lab/install/turtlebot4_ignition_bringup:/home/robotai/AutoRobots/turtlebot_virtual_lab/install/turtlebot4_ignition_toolbox:/home/robotai/AutoRobots/turtlebot_virtual_lab/install/turtlebot4_ignition_gui_plugins:/opt/ros/humble')]), 'shell': False}
[24.097171] (turtlebot4_simulator) StdoutLine: {'line': b'-- Install configuration: ""\n'}
[24.097502] (turtlebot4_simulator) StdoutLine: {'line': b'-- Installing: /home/robotai/AutoRobots/turtlebot_virtual_lab/install/turtlebot4_simulator/share/ament_index/resource_index/package_run_dependencies/turtlebot4_simulator\n'}
[24.097605] (turtlebot4_simulator) StdoutLine: {'line': b'-- Installing: /home/robotai/AutoRobots/turtlebot_virtual_lab/install/turtlebot4_simulator/share/ament_index/resource_index/parent_prefix_path/turtlebot4_simulator\n'}
[24.097715] (turtlebot4_simulator) StdoutLine: {'line': b'-- Installing: /home/robotai/AutoRobots/turtlebot_virtual_lab/install/turtlebot4_simulator/share/turtlebot4_simulator/environment/ament_prefix_path.sh\n'}
[24.097816] (turtlebot4_simulator) StdoutLine: {'line': b'-- Installing: /home/robotai/AutoRobots/turtlebot_virtual_lab/install/turtlebot4_simulator/share/turtlebot4_simulator/environment/ament_prefix_path.dsv\n'}
[24.097922] (turtlebot4_simulator) StdoutLine: {'line': b'-- Installing: /home/robotai/AutoRobots/turtlebot_virtual_lab/install/turtlebot4_simulator/share/turtlebot4_simulator/environment/path.sh\n'}
[24.098022] (turtlebot4_simulator) StdoutLine: {'line': b'-- Installing: /home/robotai/AutoRobots/turtlebot_virtual_lab/install/turtlebot4_simulator/share/turtlebot4_simulator/environment/path.dsv\n'}
[24.098119] (turtlebot4_simulator) StdoutLine: {'line': b'-- Installing: /home/robotai/AutoRobots/turtlebot_virtual_lab/install/turtlebot4_simulator/share/turtlebot4_simulator/local_setup.bash\n'}
[24.098217] (turtlebot4_simulator) StdoutLine: {'line': b'-- Installing: /home/robotai/AutoRobots/turtlebot_virtual_lab/install/turtlebot4_simulator/share/turtlebot4_simulator/local_setup.sh\n'}
[24.098321] (turtlebot4_simulator) StdoutLine: {'line': b'-- Installing: /home/robotai/AutoRobots/turtlebot_virtual_lab/install/turtlebot4_simulator/share/turtlebot4_simulator/local_setup.zsh\n'}
[24.098413] (turtlebot4_simulator) StdoutLine: {'line': b'-- Installing: /home/robotai/AutoRobots/turtlebot_virtual_lab/install/turtlebot4_simulator/share/turtlebot4_simulator/local_setup.dsv\n'}
[24.098501] (turtlebot4_simulator) StdoutLine: {'line': b'-- Installing: /home/robotai/AutoRobots/turtlebot_virtual_lab/install/turtlebot4_simulator/share/turtlebot4_simulator/package.dsv\n'}
[24.098627] (turtlebot4_simulator) StdoutLine: {'line': b'-- Installing: /home/robotai/AutoRobots/turtlebot_virtual_lab/install/turtlebot4_simulator/share/ament_index/resource_index/packages/turtlebot4_simulator\n'}
[24.098741] (turtlebot4_simulator) StdoutLine: {'line': b'-- Installing: /home/robotai/AutoRobots/turtlebot_virtual_lab/install/turtlebot4_simulator/share/turtlebot4_simulator/cmake/turtlebot4_simulatorConfig.cmake\n'}
[24.098824] (turtlebot4_simulator) StdoutLine: {'line': b'-- Installing: /home/robotai/AutoRobots/turtlebot_virtual_lab/install/turtlebot4_simulator/share/turtlebot4_simulator/cmake/turtlebot4_simulatorConfig-version.cmake\n'}
[24.098921] (turtlebot4_simulator) StdoutLine: {'line': b'-- Installing: /home/robotai/AutoRobots/turtlebot_virtual_lab/install/turtlebot4_simulator/share/turtlebot4_simulator/package.xml\n'}
[24.101076] (turtlebot4_simulator) CommandEnded: {'returncode': 0}
[24.112957] (turtlebot4_simulator) JobEnded: {'identifier': 'turtlebot4_simulator', 'rc': 0}
[24.113882] (-) EventReactorShutdown: {}
